SKU,NOMBRE,@IMAGEN,Publico,Mayoreo,Distribuidor,Caja,PZAS,Categoría,Descuento
TB-6803,Reloj Watch 8 Pro Max,tb-6803.jpg,$180.00,$144.00,$127.00,$120.00,100,Smartwatch,0%
TR-6022,Audifono Bt,tr-6022.jpg,$82.00,$60.00,$52.00,$50.00,100,Audífonos / Bluetooth,0%
S75W30,Foco LED 30W Luz Fría ,s75w30.jpg,$42.00,$32.00,$28.50,$27.00,60,Iluminación / Focos / LED,0%
LV22W21,Lampara Con Ventilador De Techo,lv22w21.jpg,$138.00,$92.00,$83.00,$77.00,20,Hogar / Ventiladores,0%
TR-6018,Audifonos Inalámbricos con Pantalla,tr-6018.jpg,$65.00,$48.00,$43.00,$40.00,100,Audífonos / Bluetooth,0%
TXD-26,Rastrillo con 11 Repuestos Triple Hoja,txd-26.jpg,$40.00,$30.00,$26.00,$25.00,144,Salud y Belleza,0%
K-703,Juego De Cuchillos y Utensilios,k-703.jpg,$32.00,$21.00,$19.00,$18.00,100,Hogar / Cocina,0%
ZN-1622,SmartWatch T800 Ultra,zn-1622.jpg,$130.00,$90.00,$79.00,$70.00,100,Smartwatch,0%
MR-935,Masajeador Multifuncional Corporal,mr-935.jpg,$140.00,$93.00,$82.00,$78.00,100,Salud y Belleza,0%
TXD-17,Rastrillo con 6 Repuestos Triple Hoja y Mango Ergonómico,txd-17.jpg,$30.00,$20.00,$18.00,$17.00,144,Salud y Belleza,0%
P9PROMAX,Diadema Bluetooth P9 Promax,p9promax.jpf,$130.00,$86.00,$76.00,$72.00,80,Diademas / Bluetooth,0%
LV67W12,Ventilador de Techo con Lámpara 28w,lv67w12.jpg,$75.00,$64.00,$59.00,$55.00,60,Iluminación / Focos,0%
S58W30,Foco LED 30W 6500k 60Hz,s58w30.jpg,$49.00,$39.00,$35.00,$33.00,60,Iluminación / Focos / LED,0%
XCQ-3501,Mini Aspiradora,xcq-3501.jpg,$65.00,$55.00,$50.00,$48.00,80,Ventiladores,0%
FS-018,Ventilador Usb,fs-018.jpg,$28.00,$23.00,$20.00,$19.00,100,Ventiladores,0%
FS-021,Ventilador Usb,fs-021.jpg,$31.00,$25.00,$22.00,$21.00,150,Ventiladores,0%
FS-1105,Mini Ventilador Recargable,fs-1105.jpg,$37.00,$29.00,$26.00,$24.00,100,Ventiladores,0%
FS-4013,Ventilador Diseño,fs-4013.jpg,$43.00,$35.00,$31.00,$29.00,168,Ventiladores,0%
FS-0227,Ventilador Diseño Casa,fs-0227.jpg,$45.00,$36.00,$32.00,$30.00,160,Ventiladores,0%
FS-0210,Ventilador Recargable,fs-0210.jpg,$48.00,$38.00,$34.00,$32.00,120,Ventiladores,0%
FS-4014,Ventilador Diseño,fs-4014.jpg,$50.00,$40.00,$35.00,$33.00,144,Ventiladores,0%
FS-4016,Ventilador Usb Portátil Mini Ventilador De Mano,fs-4016.jpg,$57.00,$46.00,$40.00,$38.00,144,Ventiladores,0%
FS-0207,(FS-0207) Ventilador Recargable,fs-0207.jpg,$68.00,$54.00,$48.00,$45.00,144,Ventiladores,0%
FS-037,Ventilador,fs-037.jpg,$70.00,$56.00,$49.00,$47.00,144,Ventiladores,0%
FS-0222,Ventilador Diseño Astronauta,fs-0222.jpg,$72.00,$58.00,$51.00,$48.00,96,Ventiladores,0%
FS-0228,Ventilador Diseño,fs-0228.jpg,$72.00,$58.00,$51.00,$48.00,120,Ventiladores,0%
FS-1122,Ventilador Metálico,fs-1122.jpg,$73.00,$59.00,$52.00,$49.00,45,Ventiladores,0%
FS-1123,Ventilador Diseño,fs-1123.jpg,$81.00,$65.00,$57.00,$54.00,45,Ventiladores,0%
FS-0216,Ventilador Recargable,fs-0216.jpg,$87.00,$70.00,$61.00,$58.00,96,Ventiladores,0%
FS-0213,Ventilador Recargable,fs-0213.jpg,$90.00,$72.00,$64.00,$60.00,144,Ventiladores,0%
FS-4407,Ventilador Recargable,fs-4407.jpg,$100.00,$80.00,$71.00,$67.00,72,Ventiladores,0%
MVP-1012,Ventilador Portatil Con Bandeja Para Agua O Aromatizante Mitzu,mvp-1012.jpg,$117.00,$93.00,$82.00,$78.00,60,Ventiladores,0%
FS-0251,Mini Aire Acondicionado,fs-0251.jpg,$135.00,$108.00,$95.00,$90.00,24,Ventiladores,0%
AIRS25W07,"Ventilador de Piso Solar de 12""",airs25w07.jpg,"$1,120.00",$896.00,$791.00,$747.00,3,Ventiladores,0%
AIRS25W09,"Ventilador de Pedestal Piso Solar 16""",airs25w09.jpg,"$1,193.00",$955.00,$842.00,$796.00,3,Ventiladores,0%
ACC-20201,Transmisor Bluetooth ,acc-20201.jpg,$43.00,$31.00,$28.00,$26.00,200,Transmisores,0%
ACC-24110,Transmisor 3.5 para Auto,acc-24110.jpg,$25.00,$18.00,$16.00,$15.00,500,Transmisores,0%
ACC-20104,Transmisor para Auto Bluetooth,acc-20104.jpg,$63.00,$52.00,$48.00,$45.00,200.00,Transmisores,0%
ACC-20302,Transmisor de Auto Multientradas,acc-20302.jpg,$65.00,$56.00,$52.00,$48.00,200,Transmisores,0%
XO-8301,Transmisor Bluetooth de Coche ,xo-8301.jpg,$62.00,$46.00,$42.00,$38.00,200,Transmisores,0%
XO-8150,Transmisor Bt,xo-8150.jpg,$39.00,$31.00,$28.00,$26.00,200,Transmisores,0%
ACC-20500,Transmisor para Auto Bluetooth,acc-20500.jpg,$98.00,$78.00,$69.00,$65.00,200,Transmisores,0%
ACC-20101,Transmisor para Auto BT,acc-20101.jpg,$113.00,$90.00,$79.00,$75.00,100,Transmisores,0%
ACC-20102,Transmisor para Auto Bluetooth,acc-20102.jpg,$113.00,$90.00,$79.00,$75.00,100,Transmisores,0%
YSK-012,Llavero de Zapatos de Tacón,ysk-012.jpg,$4.00,$3.50,$3.00,$2.50,2400,Temporada,0%
XQ-201,Rosa Eterna Decorada de Espuma Artificial con Aroma,xq-201.jpg,$8.00,$6.00,$5.50,$5.00,620,Temporada,0%
XQ-232,Rosa Eterna con Detalle de Oso y Corazón,xq-232.jpg,$8.00,$6.50,$6.00,$5.50,500,Temporada,0%
XQ-233,Rosa Eterna con Detalle de Oso Corazón,xq-233.jpg,$9.00,$7.00,$6.50,$6.00,1200,Temporada,0%
XQ-S175,Bolsa de Regalo San Valentín de Papel Diseño Surtido,xq-s175.jpg,$10.00,$8.00,$7.50,$7.00,480,Temporada,0%
XQ-253,Rosa Eterna para Regalo,xq-253.jpg,$16.00,$13.00,$11.00,$10.50,520,Temporada,0%
XQ-237,Flor Eterna con Corazón de Unicel para Regalo,xq-237.jpg,$18.00,$15.00,$13.00,$12.00,300,Temporada,0%
XQ-252,Ramo de Rosas Eternas para Regalo,xq-252.jpg,$23.00,$19.00,$17.00,$16.00,370,Temporada,0%
XQ-257,Cajita de Aluminio con Rosa Eterna y Collar,xq-257.jpg,$24.00,$19.00,$17.00,$16.00,527,Temporada,0%
XQ-251,Ramo de Rosas Eternas para Regalo,xq-251.jpg,$26.00,$21.00,$18.00,$17.00,400,Temporada,0%
XQ-605,Caja de Regalo con Oso de Peluche,xq-605.jpg,$27.00,$21.00,$19.00,$18.00,192,Temporada,0%
QRJ-03,Globo con Rosa y Tira LED,qrj-03.jpg,$28.00,$22.00,$19.00,$18.00,300,Temporada,0%
XQ-606,Caja de Regalo de Rosas,xq-606.jpg,$33.00,$27.00,$24.00,$22.00,192,Temporada,0%
XQ-611,Cajita de Regalo con Pulsera y Rosas,xq-611.jpg,$42.00,$33.00,$29.00,$28.00,100,Temporada,0%
XQ-607,Cajita de Regalo con Ramo y Osito ,xq-607.jpg,$58.00,$47.00,$41.00,$39.00,120,Temporada,0%
XQ-213,Caja de Regalo en Forma de corazón con Cadena y Aretes con 10 Rosas,xq-213.jpg,$58.00,$47.00,$41.00,$39.00,165,Temporada,0%
XQ-260,Alhajero con Rosa Eterna y Collar para Regalo,xq-260.jpg,$90.00,$72.00,$64.00,$60.00,100,Temporada,0%
XQ-609,Cápsula con Luz LED y Figura de Parejas,xq-609.jpg,$97.00,$77.00,$68.00,$64.00,72,Temporada,0%
JC-13,Mini Tripie Con Soporte,jc-13.jpg,$140.00,$95.00,$88.00,$83.00,100,Soportes para Celular,0%
SOP-1077,(SOP-1077) Soporte Metálico Giratorio para Celular,sop-1077.jpg,$91.00,$67.00,$59.00,$56.00,50,Soportes para Celular,0%
SOP-1078,Soporte Ajustable para Celular,sop-1078.jpg,$46.00,$34.00,$30.00,$28.00,100,Soportes para Celular,0%
SOP-1082,Soporte Metálico Giratorio para Celular,sop-1082.jpg,$40.00,$30.00,$26.00,$25.00,200,Soportes para Celular,0%
SOP-1083,Soporte Giratorio Metálico para Celular,sop-1083.jpg,$40.00,$30.00,$26.00,$25.00,200,Soportes para Celular,0%
SOP-1070,Soporte Plegable Magnético para Telefono,sop-1070.jpg,$35.00,$32.00,$30.00,$28.00,200,Soportes para Celular,0%
XZ-6140,Soporte de Escritorio para Celular,xz-6140.jpg,$20.00,$16.00,$14.00,$13.00,200,Soportes para Celular,0%
XZ-6225,Soporte Magnético 360° para Coche A25,xz-6225.jpg,$36.00,$29.00,$25.00,$24.00,200,Soportes para Celular,0%
JC-23,Soporte De Selfie,jc-23.jpg,$158.00,$127.00,$112.00,$106.00,60,Soportes para Celular,0%
JC-15,Soprte Para Selfies,jc-15.jpg,$208.00,$167.00,$147.00,$139.00,50,Soportes para Celular,0%
SOP-1079,Soporte Magnético de Auto para Celular,sop-1079.jpg,$33.00,$24.00,$22.00,$20.00,200,Soportes para Celular,0%
XZ-6223,Soporte para Celular respaldo de Auto,xz-6223.jpg,$15.00,$12.00,$11.00,$10.00,200,Soportes para Celular,0%
XZ-6206,Soporte Magnético para Auto,xz-6206.jpg,$20.00,$16.00,$14.00,$13.00,300,Soportes para Celular,0%
BT-1001,Soporte De Iman,bt-1001.jpg,$30.00,$24.00,$21.00,$20.00,200,Soportes para Celular,0%
BT-1002,Soporte De Iman,bt-1002.jpg,$30.00,$24.00,$21.00,$20.00,200,Soportes para Celular,0%
XZ-6218,Soporte de Celular para Carro,xz-6218.jpg,$30.00,$24.00,$21.00,$20.00,200,Soportes para Celular,0%
BT-1010,Soporte Para Botellas,bt-1010.jpg,$37.00,$29.00,$26.00,$24.00,100,Soportes para Celular,0%
XZ-6210,Soporte de Auto Para Celular,xz-6210.jpg,$38.00,$30.00,$26.00,$25.00,100,Soportes para Celular,0%
BT-1003,Soporte Para Bici,bt-1003.jpg,$38.00,$31.00,$27.00,$26.00,100,Soportes para Celular,0%
SOP-1060,Soporte Para Celular,sop-1060.jpg,$48.00,$39.00,$34.00,$32.00,100,Soportes para Celular,0%
JC-35,Palo De Selfie,jc-35.jpg,$115.00,$92.00,$81.00,$77.00,100,Soportes para Celular,0%
AZJ-80504,Soporte de Moto para Celular,azj-80504.jpg,$98.00,$73.00,$65.00,$62.00,50,Soportes para Celular,0%
AZJ-80503,Soporte Para Bicicleta ,azj-80503.jpg,$98.00,$73.00,$67.00,$62.00,50,Soportes para Celular,0%
XZ-6303,Soporte de bici,xz-6303.jpg,$32.00,$26.00,$23.00,$22.00,200,Soportes para Celular,0%
XZ-6306,Soporte para Celular de Bici,xz-6306.jpg,$98.00,$78.00,$69.00,$65.00,100,Soportes para Celular,0%
XZ-6115,Soporte Para Celular,xz-6115.jpg,$16.00,$14.00,$13.00,$12.00,200,Soportes para Celular,0%
XZ-6111,Soporte Flexible Celular,xz-6111.jpg,$26.00,$20.00,$19.00,$18.00,100,Soportes para Celular,0%
AZJ-80502,Soporte con Diseño de Sombrilla para Motocicleta,azj-80502.jpg,$90.00,$68.00,$58.00,$55.00,100,Soportes para Celular,0%
AZJ-80501,Soporte con Diseño de Sombrilla para Bicicleta,azj-80501.jpg,$90.00,$68.00,$58.00,$55.00,100,Soportes para Celular,0%
XZ-6360,Soporte De Celular Para Motocicleta,xz-6360.jpg,$68.00,$54.00,$48.00,$45.00,100,Soportes para Celular,0%
XZ-6307,Soporte De Diseño,xz-6307.jpg,$105.00,$84.00,$74.00,$70.00,100,Soportes para Celular,0%
TB-6324,Smart Watch Ft50,tb-6324.jpg,$90.00,$66.00,$58.00,$55.00,100,Smartwatch,0%
TB-6317,Smarwatch Macaron,tb-6317.jpg,$65.00,$49.00,$42.00,$36.00,100,Smartwatch,0%
DZB-2330,Reloj Digital Touch Infantil,dzb-2330.jpg,$11.00,$8.00,$7.50,$7.00,1000,Smartwatch,0%
TB-6316,Smartwatch T500,tb-6316.jpg,$82.00,$60.00,$53.00,$50.00,100,Smartwatch,0%
TB-6311,Reloj Inteligente T500 Plus,tb-6311.jpg,$85.00,$82.00,$74.00,$70.00,100,Smartwatch,0%
TB-6319,Reloj T55 + Dos Correas Deportivas,tb-6319.jpg,$100.00,$72.00,$65.00,$60.00,100,Smartwatch,0%
DZB-2701,Smartwatch Infantil Económico,dzb-2701.jpg,$20.00,$16.00,$14.00,$13.00,"1,000.00",Smartwatch,0%
FVB-0302,Reloj Digital Infantil con Diseño,fvb-0302.jpg,$19.00,$15.00,$13.50,$12.50,1000,Smartwatch,0%
FVB-0301,Reloj Digital Infantil Diseño Labubu,fvb-0301.jpg,$20.00,$16.00,$14.00,$13.00,1000,Smartwatch,0%
BH-21290,Candado para Bicicletas ,bh-21290.jpg,$29.00,$23.00,$21.00,$20.00,100,Seguridad,0%
EKQ-80601,Par de Radios Walkie Talkie 777S TAJA,ekq-80601.jpg,$365.00,$315.00,$292.00,$272.00,30.00,Seguridad,0%
SJ-12200,Bloqueo De Huellas Dactilare,sj-12200.jpg,$200.00,$160.00,$141.00,$133.00,50,Seguridad,0%
DJJ-888,(DJJ-888) Radio Woki Toki,djj-888.jpg,$227.00,$182.00,$160.00,$152.00,50,Seguridad,0%
EKQ-80602,Par de Radios Walkie Talkie,ekq-80602.jpg,$441.00,$324.00,$285.00,$270.00,30,Seguridad,0%
XS-1203,Cámarta de Seguridad A9,xs-1203.jpg,$76.00,$61.00,$58.00,$56.00,100,Seguridad,0%
EKQ-30901,Mini Cámara Espía de Seguridad,ekq-30901.jpg,$90.00,$72.00,$64.00,$60.00,100,Seguridad,0%
ZXJ-2110,(ZXJ-2110) Camara Deportiva Tipo Go Pro,zxj-2110.jpg,$233.00,$187.00,$165.00,$155.00,40,Seguridad,0%
EKQ-30403,Camara Dual de Seguridad Wifi Socket,ekq-30403.jpg,$375.00,$300.00,$265.00,$250.00,50,Seguridad,0%
BH-21277,Banda de Resistencia para Yoga,bh-21277.jpg,$25.00,$20.00,$17.00,$16.00,200,Salud y Belleza,0%
BH-2169,Rizador Para Cabello,bh-2169.jpg,$161.00,$129.00,$114.00,$108.00,36,Salud y Belleza,0%
HZJ-4215,Espejo con Luz LED ,hzj-4215.jpg,$117.00,$100.00,$95.00,$85.00,36.00,Salud y Belleza,0%
HZJ-919,Estante De Cosmetico Organizador,hzj-919.jpg,$90.00,$72.00,$68.00,$65.00,60,Salud y Belleza,0%
ZFQ-4105,Plancha para Cabello,zfq-4105.jpg,$105.00,$85.00,$80.00,$75.00,50,Salud y Belleza,0%
MR-123,Rasuradora Electrica 3 en 1,mr-123.jpg,$164.00,$120.00,$106.00,$100.00,80,Salud y Belleza,0%
HZJ-922,Espejo y Alhajero en Forma de Corazón con Luz LED de Atenuación Táctil,hzj-922.jpg,$119.00,$87.00,$77.00,$73.00,60,Salud y Belleza,0%
HZJ-928,Espejo con Luz LED y Aumento 10x,hzj-928.jpg,$126.00,$92.00,$82.00,$77.00,48,Salud y Belleza,0%
MR-100,Depilador Eléctrico para Vello Nasal 360°,mr-100.jpg,$46.00,$34.00,$30.00,$28.00,200,Salud y Belleza,0%
MR-106P,Máquina Cortadora de Cabello de Plástico con Diseño de Buda,mr-106p.jpg,$55.00,$40.00,$36.00,$34.00,100,Salud y Belleza,0%
MR-107P,Máquina Cortadora de Cabello de Plástico con Diseño de Dragón,mr-107p.jpg,$55.00,$40.00,$36.00,$34.00,100,Salud y Belleza,0%
MR-109,Máquina Cortadora de Cabello de Metal con Diseño de Dragón ,mr-109.jpg,$62.00,$46.00,$40.00,$38.00,100,Salud y Belleza,0%
MR-108,Máquina Cortadora de Cabello de Metal con Diseño de Buda,mr-108.jpg,$62.00,$46.00,$40.00,$38.00,100,Salud y Belleza,0%
MR-111,Máquina Cortadora de Cabello de Plástico con Diseño de Dragón Tornasol,mr-111.jpg,$55.00,$40.00,$36.00,$34.00,100,Salud y Belleza,0%
MR-112,Rasuradora Grabado Buda Multicolores,mr-112.jpg,$55.00,$40.00,$36.00,$34.00,100,Salud y Belleza,0%
MR-125,Máquina Para Cortar Cabello Calavera,mr-125.jpg,$110.00,$80.00,$71.00,$67.00,100,Salud y Belleza,0%
MR-126,Máquina Rasuradora Eléctrica con Pantalla LCD Recargable,mr-126.jpg,$155.00,$114.00,$100.00,$95.00,60,Salud y Belleza,0%
MR-127,Rasuradora Eléctrica con Pantalla LCD Recargable,mr-127.jpg,$180.00,$132.00,$117.00,$110.00,60,Salud y Belleza,0%
MR-129,Máquina Para Cortar Cabello con Pantalla LED,mr-129.jpg,$164.00,$120.00,$106.00,$100.00,60,Salud y Belleza,0%
MR-130P,Máquina Para Cortar Cabello,mr-130p.jpg,$100.00,$74.00,$65.00,$62.00,100,Salud y Belleza,0%
MR-132,Rasuradora y Depiladora Eléctrica de Doble Cabezal,mr-132.jpg,$182.00,$134.00,$118.00,$112.00,50,Salud y Belleza,0%
MR-137P,Rasuradora Eléctrica con 4 Peines ,mr-137p.jpg,$155.00,$114.00,$100.00,$95.00,60,Salud y Belleza,0%
MR-138P,Rasuradora Eléctrica con 4 Peines,mr-138p.jpg,$88.00,$64.00,$57.00,$54.00,100,Salud y Belleza,0%
MR-139P,Rasuradora Eléctrica con 4 Peines,mr-139p.jpg,$106.00,$78.00,$69.00,$65.00,100,Salud y Belleza,0%
MR-150,Rasuradora Eléctrica Recargable,mr-150.jpg,$131.00,$96.00,$85.00,$80.00,100,Salud y Belleza,0%
MR-302,Rizador Para Cabello,mr-302.jpg,$106.00,$78.00,$69.00,$65.00,60,Salud y Belleza,0%
MR-305,Plancha de Cabello de 4 Niveles,mr-305.jpg,$126.00,$92.00,$82.00,$77.00,60,Salud y Belleza,0%
MR-310,Plancha y Rizadora 2 en 1 para el Cabello,mr-310.jpg,$88.00,$64.00,$57.00,$54.00,60,Salud y Belleza,0%
MR-313,Rizador Planchador Tenaza,mr-313.jpg,$137.00,$100.00,$89.00,$84.00,60,Salud y Belleza,0%
MR-321,Tenaza Rizadora de Cabello,mr-321.jpg,$91.00,$67.00,$59.00,$56.00,100,Salud y Belleza,0%
MR-325,Mini Cepillo Plancha/Rizador para Cabello,mr-325.jpg,$70.00,$51.00,$45.00,$43.00,100,Salud y Belleza,0%
MR-885,Depilador Eléctrico 4 en 1 con Cabezales Intercambiables,mr-885.jpg,$175.00,$128.00,$113.00,$107.00,120,Salud y Belleza,0%
MR-829S,Cepillo Dental Eléctrico,mr-829s.jpg,$64.00,$47.00,$42.00,$39.00,200,Salud y Belleza,0%
TXD-15,Rastrillo Desechable con Doble Hoja y Mango Ergonómico,txd-15.jpg,$20.00,$14.00,$12.00,$12.00,144,Salud y Belleza,0%
MR-926,Masajeador con 6 Velocidades y 4 Cabezales,mr-926.jpg,$282.00,$207.00,$183.00,$173.00,20,Salud y Belleza,0%
TXD-20,Rastrillo Desechable para Afeitar con Doble Navaja ,txd-20.jpg,$4.00,$3.50,$3.00,$2.50,1728,Salud y Belleza,0%
TXD-22,Rastrillo Desechable con Triple Hoja Lubricada,txd-22.jpg,$28.00,$20.00,$18.00,$17.00,144,Salud y Belleza,0%
TXD-27,Rastrillo con Cabeza Movible,txd-27.jpg,$31.00,$23.00,$20.00,$19.00,144,Salud y Belleza,0%
CFJ-115,Secadora de Cabello ,cfj-115.jpg,$210.00,$154.00,$136.00,$128.00,50,Salud y Belleza,0%
CFJ-113,Secadora de Cabello de 2000W,cfj-113.jpg,$191.00,$140.00,$124.00,$117.00,50,Salud y Belleza,0%
CFJ-111,Secadora de Cabello de 1200W,cfj-111.jpg,$173.00,$127.00,$112.00,$106.00,50,Salud y Belleza,0%
HZB-359,Bolsa Cosmetiquera,hzb-359.jpg,$47.00,$35.00,$32.00,$31.00,150.00,Salud y Belleza,0%
HZB-360,Bolsa Cosmetiquera,hzb-360.jpg,$55.00,$44.00,$39.00,$37.00,150,Salud y Belleza,0%
QCB-03,Bolsa Organizadora para Respaldo para Carro,qcb-03.jpg,$59.00,$43.00,$40.00,$38.00,100,Salud y Belleza,0%
SYZ-011,Kit de viaje,syz-011.jpg,$45.00,$35.00,$32.50,$31.00,160,Salud y Belleza,0%
XQ-522,Bolsa De Viaje,xq-522.jpg,$7.00,$5.50,$5.00,$4.50,1200,Salud y Belleza,0%
QJ-182,Cepillo Para Hendiduras,qj-182.jpg,$10.00,$9.00,$8.00,$7.00,600,Salud y Belleza,0%
BB-LQ1016,Bolsa De Cosmeticos,bb-lq1016.jpg,$15.00,$12.00,$11.00,$10.00,600,Salud y Belleza,0%
BB-LQ1017,Monederos O Bolsa Cosmetic,bb-lq1017.jpg,$15.00,$12.00,$11.00,$10.00,600,Salud y Belleza,0%
BB-LQ1015,Monederos O Bolsa Cosmetic,bb-lq1015.jpg,$15.00,$12.00,$11.00,$10.00,600,Salud y Belleza,0%
MR-870,Peine De Peluqueria,mr-870.jpg,$20.00,$16.00,$14.00,$13.00,200,Salud y Belleza,0%
HZJ-935,Set De Peine Con Espejo,hzj-935.jpg,$23.00,$19.00,$17.00,$16.00,360,Salud y Belleza,0%
BB-HZ1010,Bolsa De Cosmeticos,bb-hz1010.jpg,$25.00,$20.00,$18.00,$17.00,360,Salud y Belleza,0%
BB-1058,Monederos,bb-1058.jpg,$28.00,$23.00,$20.00,$19.00,600,Salud y Belleza,0%
BB-1059,Monederos,bb-1059.jpg,$28.00,$23.00,$20.00,$19.00,600,Salud y Belleza,0%
BB-1060,Monederos,bb-1060.jpg,$28.00,$23.00,$20.00,$19.00,600,Salud y Belleza,0%
BH-501,Depilador,bh-501.jpg,$28.00,$23.00,$20.00,$19.00,200,Salud y Belleza,0%
BH-21187,(BH-21187) Cosmétiquera Estuche,bh-21187.jpg,$29.00,$23.00,$21.00,$20.00,150,Salud y Belleza,0%
BH-2107,(BH-2107) Plancha para Cabello,bh-2107.jpg,$29.00,$23.00,$21.00,$20.00,120,Salud y Belleza,0%
XT-9921,Parche De Pecho,xt-9921.jpg,$32.00,$25.00,$22.00,$21.00,200,Salud y Belleza,0%
BB-1025,Bolsa De Cosmeticos,bb-1025.jpg,$38.00,$31.00,$27.00,$26.00,180,Salud y Belleza,0%
BB-1027,Bolsa De Cosmeticos,bb-1027.jpg,$38.00,$31.00,$27.00,$26.00,180,Salud y Belleza,0%
HZJ-932,Espejo,hzj-932.jpg,$45.00,$36.00,$32.00,$30.00,120,Salud y belleza,0%
MR-322,Horquilas Rectas,mr-322.jpg,$70.00,$56.00,$49.00,$47.00,100,Salud y Belleza,0%
MR-853,Depilador Facial,mr-853.jpg,$78.00,$63.00,$55.00,$52.00,200,Salud y Belleza,0%
MR-049,Limpiador Facial,mr-049.jpg,$87.00,$69.00,$61.00,$58.00,150,Salud y Belleza,0%
K-733,Pon Cosas En El Estante,k-733.jpg,$142.00,$113.00,$100.00,$94.00,40,Salud y Belleza,0%
MR-933,Instrumento De Belleza,mr-933.jpg,$142.00,$113.00,$100.00,$94.00,80,Salud y Belleza,0%
MR-925,Secador,mr-925.jpg,$250.00,$200.00,$176.00,$167.00,60,Salud y Belleza,0%
KQL-6101,Soporte para cepillo de dientes,kql-6101.jpg,$165.00,$132.00,$116.00,$110.00,75,Salud y Belleza,0%
KQL-6102,Soporte para cepillo de dientes,kql-6102.jpg,$210.00,$168.00,$148.00,$140.00,35,Salud y Belleza,0%
KQL-6103,Soporte para cepillo de dientes,kql-6103.jpg,$255.00,$204.00,$180.00,$170.00,16,Salud y Belleza,0%
AZMQ033,Lámpara UV Multifuncional con Clip ,azmq033.jpg,$57.00,$50.00,$46.00,$43.00,100,Salud y Belleza,0%
SE-3006,Plancha para el Cabello,se-3006.jpg,$100.00,$87.00,$77.00,$63.00,60,Salud y Belleza,0%
SE-3007,Plancha para el Cabello,se-3007.jpg,$100.00,$87.00,$77.00,$63.00,60,Salud y Belleza,0%
MR-900,Cinturon Calido Del Palacio,mr-900.jpg,$92.00,$73.00,$65.00,$62.00,100,Salud y Belleza,0%
JSL-5507,Parche Para Masaje,jsl-5507.jpg,$30.00,$22.00,$20.00,$18.00,200,Salud y Belleza,0%
MR-867,Pistola de Fascia,mr-867.jpg,$39.00,$33.00,$31.00,$29.00,200,Salud y Belleza,0%
BH-21192,(BH-21192) Masajeador con Vibración,bh-21192.jpg,$34.00,$27.00,$24.00,$22.00,120,Salud y Belleza,0%
MR-902,Cepillo Masajeador,mr-902.jpg,$92.00,$73.00,$65.00,$61.00,100,Salud y Belleza,0%
BH-2166,Rasuradora Diseño Buda Plastico,bh-2166.jpg,$65.00,$29.00,$27.00,$25.00,100,Salud y Belleza,20%
BH-2136,Rasuradora De Plastico,bh-2136.jpg,$69.00,$29.00,$27.00,$25.00,100,Salud y Belleza,0%
NTN-30303,Rasuradora Vintage,ntn-30303.jpg,$54.00,$42.00,$39.00,$36.00,100.00,Salud y Belleza,0%
NTN-30304,Rasuradora Dorada de Dragon,ntn-30304.jpg,$57.00,$42.00,$39.00,$36.00,100.00,Salud y Belleza,0%
NTN-30306,Rasuradora Vintage de Hombre,ntn-30306.jpg,$57.00,$42.00,$39.00,$36.00,100.00,Salud y Belleza,0%
NTN-30305,Rasuradora Dorada de Buda,ntn-30305.jpg,$57.00,$42.00,$39.00,$36.00,100.00,Salud y Belleza,0%
NTN-30303,Rasuradora Vintage,ntn-30303.jpg,$54.00,$44.00,$41.00,$37.00,100,Salud y Belleza,0%
NTN-30304,Rasuradora Dorada de Dragon,ntn-30304.jpg,$57.00,$46.00,$42.00,$39.00,100,Salud y Belleza,0%
MR-075,Afeitadora Electrica Diseño Buda,mr-075.jpg,$59.00,$43.00,$38.00,$36.00,200.00,Salud y Belleza,0%
SE-3002,Rasuradora Diseño de Buda,se-3002.jpg,$33.00,$28.00,$25.00,$22.00,100,Salud y Belleza,0%
MR-113,Cortadora De Cabello,mr-113.jpg,$83.00,$67.00,$59.00,$56.00,100,Salud y Belleza,0%
MR-115,Cortadora De Cabello,mr-115.jpg,$97.00,$77.00,$68.00,$64.00,100,Salud y Belleza,0%
MR-131P,Afeitadora,mr-131p.jpg,$100.00,$80.00,$71.00,$67.00,100,Salud y Belleza,0%
MR-120,Cortador De Cabello,mr-120.jpg,$108.00,$87.00,$76.00,$72.00,100,Salud y Belleza,0%
MR-128,Rasuradora Electrica,mr-128.jpg,$150.00,$120.00,$106.00,$100.00,60,Salud y Belleza,0%
ZN-1643,SmartWatch Nike S11,zn-1643.jpg,$333.00,$267.00,$235.00,$222.00,100,Renombre,0%
AIRPODS PRO 2 NIKE,Airpods Pro 2da Gen + Llavero Nike ,airpods pro 2 nike.jpg,$125.00,$100.00,$88.00,$83.00,100,Renombre,0%
AIRPODS 4TA GEN,Air Pods 4ta Gen,airpods 4ta gen.jpg,$125.00,$100.00,$88.00,$83.00,100,Renombre,0%
FR-9513,Audifonos Bluetooth + Funda y Llavero del futbol,fr-9513.jpg,$130.00,$96.00,$85.00,$80.00,100,Renombre,0%
AUDIFONOS E LIGHTNING,Audifonos Tipo Earpods Lightning,audifonos e lightning.jpg,$42.00,$29.00,$26.00,$25.00,300,Renombre,0%
EARPODS E 3.5 MM,Audifonos Tipo Earpods Jack 3.5mm,earpods e 3.5 mm.jpg,$25.00,$21.00,$20.00,$19.00,200,Renombre,0%
FR-9518,Airpods Pro NIKE,fr-9518.jpg,$98.00,$75.00,$70.00,$65.00,100.00,Renombre,0%
FR-3702,Airpods 2da Gen ,fr-3702.jpg,$120.00,$96.00,$92.00,$88.00,100.00,Renombre,0%
TIPO AIRPODS MAX,Audifonos Bluetooth Tipo Airpods Max,tipo airpods max.jpg,$250.00,$200.00,$176.00,$167.00,40,Renombre,0%
AKG S10 3.5MM,Audifonos Tipo Samsung Akg S10 3.5Mm,akg s10 3.5mm.jpg,$20.00,$16.00,$14.00,$13.00,1000,Renombre,0%
AUDIFONOS TIPO E TC,Audifonos Tipo Earpods Tipo C,audifonos tipo e tc.jpg,$45.00,$36.00,$32.00,$30.00,400,Renombre,0%
TWS-04,Audífonos Bluetooth + Llavero,tws-04.jpg,$113.00,$91.00,$80.00,$76.00,100,Renombre,0%
TWS-06,(TWS-06) Audifonos Bluetooth Personajes,tws-06.jpg,$120.00,$96.00,$84.00,$80.00,100,Renombre,0%
NBD-06,Audífonos Bluetooth con Estuche Transparente,nbd-06.jpg,$133.00,$107.00,$94.00,$89.00,100,Renombre,0%
S8 DISNEY,Audifonos Bluetooth Diseño,s8 disney.jpg,$149.00,$119.00,$105.00,$99.00,100,Renombre,0%
T25,Audífonos Bluetooth Diseño,t25.jpg,$161.00,$129.00,$113.00,$107.00,100,Renombre,0%
AUDIFONOS PRO 2DA TIPO C,Audifonos Tipo Airpods Pro 2da Gen Tc,audifonos pro 2da tipo c.jpg,$166.00,$133.00,$117.00,$111.00,100,Renombre,0%
AUDIFONOS PRO 2DA LIGHTNING,Audifonos Tipo Airpods Pro 2da Gen,audifonos pro 2da lightning.jpg,$167.00,$133.00,$118.00,$111.00,100,Renombre,0%
XY-100,Audifono bluetooth diseño,xy-100.jpg,$176.00,$140.00,$124.00,$117.00,120,Renombre,0%
XY-200,Audifono Bluetooth Diseño,xy-200.jpg,$176.00,$140.00,$124.00,$117.00,120,Renombre,0%
PRO70,Audífonos Inalámbricos para Niños con Estuche LED,pro70.jpg,$177.00,$142.00,$125.00,$118.00,100,Renombre,0%
YX-24,Audifono Bluetooth Diseño,yx-24.jpg,$182.00,$146.00,$129.00,$122.00,100,Renombre,0%
DB1,Audifono Bluetooth Diseño,db1.jpg,$187.00,$149.00,$132.00,$125.00,100,Renombre,0%
DB4,Audífono Bluetooth Infantil con Estuche de Carga,db4.jpg,$187.00,$150.00,$132.00,$125.00,100,Renombre,0%
PC-991,Audifono Bluetooth Diseño,pc-991.jpg,$187.00,$150.00,$132.00,$125.00,100,Renombre,0%
DB-1,Audio Bluetooth Diseño Dragon Ball,db-1.jpg,$190.00,$152.00,$134.00,$127.00,100,Renombre,0%
DB2,Audifono Bluetooth Diseño,db2.jpg,$196.00,$156.00,$138.00,$130.00,100,Renombre,0%
A12 PRO,Audífonos ANC bluetooth con pantalla,a12 pro.jpg,$217.00,$174.00,$153.00,$145.00,100,Renombre,0%
TE-20,Audífonos Bluetooth ANC con Pantalla 2.8 Pulgadas,te-20.jpg,$420.00,$336.00,$296.00,$280.00,50,Renombre,0%
AUD V5.3,Audífonos Bluetooth Personajes,aud v5.3.jpg,$81.00,$65.00,$57.00,$54.00,100,Renombre,0%
HL-13,Audífonos Bluetooth con Estuche Transparente,hl-13.jpg,$133.00,$107.00,$94.00,$89.00,100,Renombre,0%
T1,Audífonos Bluetooth Diseño Infantil,t1.jpg,$175.00,$140.00,$123.00,$116.00,100,Renombre,0%
FEE-7404,Diadema Bluetooth JBL,fee-7404.jpg,$165.00,$146.00,$140.00,$135.00,60,Renombre,0%
AH-806L,Audífonos de Diadema de Mickey y Minie,ah-806l.jpg,$142.00,$113.00,$100.00,$94.00,80,Renombre,0%
TR-9957,Diadema Tipo Beats Bear Line,tr-9957.jpg,$332.00,$265.00,$234.00,$221.00,100,Renombre,0%
JB-8812,JB-8812,jb-8812.jpg,$82.00,$62.00,$55.00,$50.00,100,Renombre,0%
FM-5118,"Bocina Bluetooth 2"" Mini 4",fm-5118.jpg,$135.00,$108.00,$95.00,$88.00,50.00,Renombre,0%
YX-113,(YX-113) Bocina Bluetooth de Diseño,yx-113.jpg,$73.00,$59.00,$52.00,$49.00,50,Renombre,0%
YX-0622,Bocina JBL Charge 5,yx-0622.jpg,$250.00,$205.00,$180.00,$170.00,40,Renombre,0%
FM-5127,Bocina Bluetooth Charge 5,fm-5127.jpg,$248.00,$198.00,$175.00,$165.00,40,Renombre,0%
FM-5120,Bocina Bluetooth Tipo JBL PRO5 ,fm-5120.jpg,$360.00,$288.00,$254.00,$240.00,50,Renombre,0%
CABLE IP C A C 2M,Cable 2 Metros C a C,cable ip c a c 2m.jpg,$26.00,$21.00,$18.00,$17.00,500,Renombre,0%
CABLE 2M IP C A LIGHTNING,Cable 2M Ip C A Lightning,cable 2m ip c a lightning.jpg,$20.00,$17.00,$16.00,$15.00,500,Renombre,0%
CAB TIPO IP USB 1M,Cable tipo iPhone usb 1m ,cab tipo ip usb 1m.jpg,$10.00,$8.00,$7.00,$6.50,100,Renombre,0%
CABLE 1M IP C A LIGHTNING,Cable USB-C a Lightning 1 Metro,cable 1m ip c a lightning.jpg,$15.00,$12.00,$11.00,$10.00,500,Renombre,0%
COMBO IP 5W,Combo Ip 5W,combo ip 5w.jpg,$27.00,$22.00,$19.00,$18.00,500,Renombre,0%
SAM INAL S10,Cargador Inalambrico Tipo Samsung S10,sam inal s10.jpg,$99.00,$79.00,$70.00,$66.00,200,Renombre,0%
MGSF 2 EN 1,Adaptador magsafe 2 en 1,mgsf 2 en 1.jpg,$233.00,$187.00,$165.00,$156.00,100,Renombre,0%
CUBO USB 5W IP,Cubo Usb Iphone De Carga Ip,cubo usb 5w ip.jpg,$19.00,$17.00,$16.00,$15.00,500,Renombre,0%
VGB-01L,Combo Cargador Entrada Lightning,vgb-01l.jpg,$32.00,$25.00,$22.00,$21.00,200,Renombre,0%
CARGADOR MGSF,Cargador Magsafe Tipo C,cargador mgsf.jpg,$53.00,$43.00,$38.00,$36.00,100,Renombre,0%
COMBO X V8,(COMBO X V8) Combo Xiaomi V8,combo x v8.jpg,$44.00,$35.00,$31.00,$29.00,100,Renombre,0%
CUBO IP TC 20W,Cubo Tipo C iPhone 20w,cubo ip tc 20w.jpg,$25.00,$20.00,$19.00,$18.00,400,Renombre,0%
CUBO 30W TC MOTO,Cubo Tipo Motorola 30 W Tipo C,cubo 30w tc moto.jpg,$42.00,$33.00,$29.00,$28.00,100,Renombre,0%
CUBO IP 35W 2 TC,Cubo tipo iP 35W 2 entradas tc,cubo ip 35w 2 tc.jpg,$46.00,$36.00,$32.00,$30.00,300,Renombre,0%
MGSF 22.5W,Bateria Magsafe con Pantalla 22.5w,mgsf 22.5w.jpg,$198.00,$158.00,$140.00,$132.00,100,Renombre,0%
S11,SmartWatch S11,s11.jpg,$290.00,$325.00,$300.00,$280.00,100.00,Renombre,0%
SPACE MAGSAFE,Funda para iPhone Space Magsafe Surtido,space magsafe.jpg,$58.00,$47.00,$41.00,$39.00,100,Protectores de Celular,0%
XB-5519,Power Bank,xb-5519.jpg,$68.00,$60.00,$50.00,$52.00,100,Power Banks,20%
XB-5536,(XB-5536) Power Banks,xb-5536.jpg,$70.00,$50.00,$45.00,$42.00,100,Power Banks,20%
XB-5531,Power Bank Con Indicador,xb-5531.jpg,$70.00,$50.00,$45.00,$42.00,100,Power Banks,20%
XB-5200,Power Bank Con Indicador,xb-5200.jpg,$95.00,$82.00,$75.00,$70.00,100.00,Power Banks,0%
VPB-0018,Batería Portátil Inalámbrica 5000 mAh 5w,vpb-0018.jpg,$108.00,$87.00,$76.00,$72.00,100,Power Banks,0%
VPB-0017,Batería Portátil 5000 mAh Carga Rápida 22.5W Pantalla Digital,vpb-0017.jpg,$199.00,$157.00,$139.00,$130.00,100,Power Banks,0%
DY-8021,"Power Bank 20,000 mAh",dy-8021.jpg,$52.00,$45.00,$42.00,$39.00,100,Power Banks,0%
DY-8007,"Power Bank 20,000 Mah",dy-8007.jpg,$52.00,$45.00,$42.00,$39.00,100,Power Banks,0%
FAN-A001,Mini Ventilador con Humidificador,fan-a001.jpg,$119.00,$73.00,$73.00,$73.00,40,Oferta,20%
FAN-MINI03,Ventilador Portátil Recargable,fan-mini03.jpg,$32.00,$21.00,$21.00,$21.00,144,Oferta,20%
FAN-MINI08,Ventilador Portátil Recargable,fan-mini08.jpg,$32.00,$21.00,$21.00,$21.00,144,Oferta,20%
FAN-MINI09,Ventilador Portátil Recargable,fan-mini09.jpg,$32.00,$21.00,$21.00,$21.00,144,Oferta,20%
FAN-MINI10,Ventilador Portátil Recargable,fan-mini10.jpg,$32.00,$21.00,$21.00,$21.00,144,Oferta,20%
FAN-MINI12,Ventilador Portátil Recargable,fan-mini12.jpg,$32.00,$21.00,$21.00,$21.00,144,Oferta,20%
FAN-MINI13,Ventilador Portátil Recargable,fan-mini13.jpg,$32.00,$21.00,$21.00,$21.00,144,Oferta,20%
FAN-MINI22,Ventilador Portátil Recargable,fan-mini22.jpg,$33.00,$22.00,$22.00,$22.00,120,Oferta,20%
FAN-MINI17,Ventilador Portátil Recargable,fan-mini17.jpg,$33.00,$22.00,$22.00,$22.00,144,Oferta,20%
FAN-MINI18,Ventilador Portátil Recargable,fan-mini18.jpg,$33.00,$22.00,$22.00,$22.00,144,Oferta,20%
FAN-MINI05,Ventilador Portátil Recargable,fan-mini05.jpg,$35.00,$23.00,$23.00,$23.00,144,Oferta,20%
FAN-MINI06,Ventilador Portátil Recargable,fan-mini06.jpg,$35.00,$23.00,$23.00,$23.00,144,Oferta,20%
FAN-MINI19,Ventilador Portátil Recargable,fan-mini19.jpg,$35.00,$23.00,$23.00,$23.00,144,Oferta,20%
FAN-MINI20,Ventilador Portátil Recargable,fan-mini20.jpg,$35.00,$23.00,$23.00,$23.00,144,Oferta,20%
FAN-Q103,Ventilador Portátil Recargable,fan-q103.jpg,$35.00,$23.00,$23.00,$23.00,144,Oferta,20%
FAN-Q104,Ventilador Portátil Recargable,fan-q104.jpg,$35.00,$23.00,$23.00,$23.00,144,Oferta,20%
FAN-Q105,Ventilador Portátil Recargable,fan-q105.jpg,$35.00,$23.00,$23.00,$23.00,144,Oferta,20%
FAN-Q117,Ventilador,fan-q117.jpg,$37.00,$24.00,$24.00,$24.00,144,Oferta,20%
FAN-Q118,Ventilador,fan-q118.jpg,$37.00,$24.00,$24.00,$24.00,144,Oferta,20%
FAN-MINI23,Ventilador Portátil Recargable,fan-mini23.jpg,$37.00,$24.00,$24.00,$24.00,144,Oferta,20%
FAN-MINI24,Ventilador Portátil Recargable,fan-mini24.jpg,$37.00,$24.00,$24.00,$24.00,144,Oferta,20%
FAN-MINI25,Ventilador Portátil Recargable,fan-mini25.jpg,$37.00,$24.00,$24.00,$24.00,144,Oferta,20%
FAN-MINI26,Ventilador Portátil Recargable,fan-mini26.jpg,$37.00,$24.00,$24.00,$24.00,144,Oferta,20%
FAN-MINI27,Ventilador Portátil Recargable,fan-mini27.jpg,$37.00,$24.00,$24.00,$24.00,144,Oferta,20%
FAN-MINI28,Ventilador Portátil Recargable,fan-mini28.jpg,$37.00,$24.00,$24.00,$24.00,144,Oferta,20%
FAN-Q106,Ventilador Portátil Recargable,fan-q106.jpg,$37.00,$24.00,$24.00,$24.00,144,Oferta,20%
FAN-Q107,Ventilador Portátil Recargable,fan-q107.jpg,$37.00,$24.00,$24.00,$24.00,150,Oferta,20%
FAN-MINI21,Ventilador Portátil Recargable,fan-mini21.jpg,$38.00,$26.00,$26.00,$26.00,144,Oferta,20%
FAN-Q116,Ventilador Usb,fan-q116.jpg,$40.00,$27.00,$27.00,$27.00,144,Oferta,20%
FAN-MINI04,Ventilador Portátil Recargable,fan-mini04.jpg,$40.00,$27.00,$27.00,$27.00,144,Oferta,20%
FAN-MINI11,Ventilador Portátil Recargable,fan-mini11.jpg,$40.00,$27.00,$27.00,$27.00,144,Oferta,20%
FAN-Q114,Ventilador,fan-q114.jpg,$43.00,$29.00,$29.00,$29.00,120,Oferta,20%
FAN-Q108,Ventilador Portátil Recargable,fan-q108.jpg,$43.00,$29.00,$29.00,$29.00,120,Oferta,20%
FAN-Q110,Ventilador Portátil Recargable,fan-q110.jpg,$43.00,$29.00,$29.00,$29.00,120,Oferta,20%
FAN-Q109,Ventilador Portátil Recargable,fan-q109.jpg,$43.00,$29.00,$29.00,$29.00,144,Oferta,20%
FAN-Q115,Ventilador Usb,fan-q115.jpg,$50.00,$33.00,$33.00,$33.00,120,Oferta,20%
FAN-Q113,Ventilador Usb,fan-q113.jpg,$52.00,$34.00,$34.00,$34.00,120,Oferta,20%
FAN-Q111,Ventilador Portátil Recargable,fan-q111.jpg,$52.00,$34.00,$34.00,$34.00,120,Oferta,20%
FAN-Q112,Ventilador Portátil Recargable,fan-q112.jpg,$52.00,$34.00,$34.00,$34.00,120,Oferta,20%
FAN-MINI16,Ventilador Portátil Recargable,fan-mini16.jpg,$70.00,$47.00,$47.00,$47.00,96,Oferta,20%
USB16KM10PREM,Memoria KM USB 16 GB KM10 Premium Bulk Silver Musica ,usb16km10prem.jpg,$60.00,$75.00,$72.00,$69.00,500,Memorias / USB,0%
M016,Memoria Usb 16 GB con Musica ,m016.jpg,$80.00,$68.00,$64.00,$62.00,1000,Memorias / USB,0%
HS-USB-E327C-32G-U3,Memoria HIKSEMI USB 32gb E327C Dual Tipo A-C,hs-usb-e327c-32g-u3.jpg,$105.00,$85.00,$80.00,$75.00,100,Memorias / USB,0%
AC906-32G-RWB,Memoria Adata Usb 32gb C906 Azul,ac906-32g-rwb.jpg,$105.00,$85.00,$82.00,$79.00,100,Memorias / USB,0%
KM10PK-32,Memoria Km Usb 32gb KM10 Rosa,km10pk-32.jpg,$115.00,$90.00,$85.00,$80.00,100,Memorias / USB,0%
AUV21032GBRGD,Memoria Adata USB 32GB UV210 Classic Silver,auv21032gbrgd.jpg,$105.00,$92.00,$87.00,$82.00,100,Memorias / USB,0%
HS-USB-M200-32GB,Memoria HIKSEMI USB 32gb M200 Metalica,hs-usb-m200-32gb.jpg,$105.00,$92.00,$87.00,$82.00,100,Memorias / USB,0%
HS-USB-E327C-64G-U3,Memoria HIKSEMI USB 64gb E327C Dual Tipo A-C,hs-usb-e327c-64g-u3.jpg,$115.00,$95.00,$90.00,$85.00,100,Memorias / USB,0%
KM10-64GB,Memoria Km USB 64gb KM10 6M,km10-64gb.jpg,$120.00,$95.00,$90.00,$85.00,100,Memorias / USB,0%
AUV210-64G-RGD,Memoria Adata USB 64gb UV210 Classic Silver,auv210-64g-rgd.jpg,$125.00,$105.00,$100.00,$95.00,100,Memorias / USB,0%
DTXS-64GB,Memoria Kingston DTXS USB 64 GB,dtxs-64gb.jpg,$125.00,$105.00,$100.00,$96.00,100,Memorias / USB,0%
KC-U2L64-7LB,Memoria Kingston Usb 64gb DTXM Exodia 3.2 Aqua,kc-u2l64-7lb.jpg,$125.00,$105.00,$100.00,$96.00,100,Memorias / USB,0%
KC-U2L64-7LG,Memoria Kingston Usb 64gb DTXM Exodia 3.2 Verde,kc-u2l64-7lg.jpg,$125.00,$105.00,$100.00,$96.00,100,Memorias / USB,0%
KC-U2L64-7LN,Memoria Kingston Usb 64gb DTXM Exodia 3.2 Rosa,kc-u2l64-7ln.jpg,$125.00,$105.00,$100.00,$96.00,100,Memorias / USB,0%
KC-U2G64-7GR,Memoria Kingston Usb 64gb DTX Exodia 3.2 Rojo,kc-u2g64-7gr.jpg,$130.00,$110.00,$105.00,$97.00,100,Memorias / USB,0%
KM10-128,Memoria Km USB 128gb KM10,km10-128.jpg,$120.00,$115.00,$110.00,$105.00,100,Memorias / USB,0%
HS-USB-M200-128GB,Memoria HIKSEMI USB 128gb M200 Metalica,hs-usb-m200-128gb.jpg,$150.00,$135.00,$130.00,$124.00,100,Memorias / USB,0%
HS-USB-E327C-128G-U3,Memoria HIKSEMI USB 128gb E327C Dual Tipo A-C,hs-usb-e327c-128g-u3.jpg,$170.00,$150.00,$145.00,$140.00,100,Memorias / USB,0%
DTX128GB,Memoria Kingston Usb 128 gb DTX Exodia 3.2 Negro,dtx128gb.jpg,$200.00,$170.00,$165.00,$160.00,100,Memorias / USB,0%
DTXM128GB,Memoria Kingston Usb 128gb DTXM 3.2 Negro-Rojo,dtxm128gb.jpg,$200.00,$170.00,$165.00,$160.00,100,Memorias / USB,0%
DTXS-128GB,Memoria Kingston DTXS USB 128 GB,dtxs-128gb.jpg,$200.00,$170.00,$165.00,$160.00,100,Memorias / USB,0%
KC-U2L128-7LB,Memoria Kingston Usb 128gb DTXM Exodia 3.2 Aqua,kc-u2l128-7lb.jpg,$195.00,$170.00,$165.00,$160.00,100,Memorias / USB,0%
KC-U2L128-7LG,Memoria Kingston Usb 128gb DTXM Exodia 3.2 Verde,kc-u2l128-7lg.jpg,$195.00,$170.00,$165.00,$160.00,100,Memorias / USB,0%
KC-U2L128-7LN,Memoria Kingston Usb 128gb DTXM Exodia 3.2 Rosa,kc-u2l128-7ln.jpg,$195.00,$170.00,$165.00,$160.00,100,Memorias / USB,0%
KC-U2L128-7LP,Memoria Kingston Usb 128gb DTXM Exodia 3.2 Morado,kc-u2l128-7lp.jpg,$195.00,$170.00,$165.00,$160.00,100,Memorias / USB,0%
UR350-128G,Memoria Adata Usb 128GB UR350 3.2,ur350-128g.jpg,$200.00,$175.00,$170.00,$165.00,100,Memorias / USB,0%
HS-USB-E327C-256G-U3,Memoria HIKSEMI USB 256gb E327C Dual Tipo A-C,hs-usb-e327c-256g-u3.jpg,$345.00,$315.00,$310.00,$305.00,100,Memorias / USB,0%
SDCS2512GB,Memoria Kingston Micro SD 512GB Blister 100MB-S,sdcs2512gb.jpg,"$1,350.00","$1,150.00","$1,100.00","$1,076.00",50,Memorias / Micro SD,0%
TLCD02-8P,Pizarron Magico De 8 Pulgadas Unicolor,tlcd02-8p.jpg,$23.00,$19.00,$16.00,$15.00,100,Juguetes,0%
SA-9107,Pistola de Burbujas de Tiburón,sa-9107.jpg,$110.00,$80.00,$71.00,$67.00,60,Juguetes,0%
DD2504,Pizarron Magico De 8 Pulgadas mULTICOLOR,dd2504.jpg,$28.00,$21.50,$19.00,$18.00,100,Juguetes,0%
SA-9006,Slime Cristalina,sa-9006.jpg,$6.00,$4.50,$4.00,$3.50,480,Juguetes,0%
SA-9108,Burbujas Juguete Forma de Delfín,sa-9108.jpg,$30.00,$27.00,$24.00,$23.00,168,Juguetes,0%
ZN-1609,Cámara de Juguete Infantil,zn-1609.jpg,$139.00,$111.00,$98.00,$93.00,100,Juguetes,0%
TY-Q127,Esferas Fluorescentes,ty-q127.jpg,$8.50,$6.50,$6.00,$5.50,600,Juguetes,0%
TY-Q130,Esferas Fluorescentes,ty-q130.jpg,$8.50,$6.50,$6.00,$5.50,600,Juguetes,0%
TY-Q116,Pelotas Que Rebotan,ty-q116.jpg,$17.00,$13.00,$12.00,$11.00,504,Juguetes,0%
WJL-2121,(WJL-2121) Wjl-2121,wjl-2121.jpg,$25.00,$20.00,$18.00,$17.00,76,Juguetes,0%
DD2504,"Pizarrón mágico de 8.5""",dd2504.jpg,$28.00,$23.00,$20.00,$19.00,100,Juguetes,0%
AJ09-11,"Pizarron Magico 10.5""",aj09-11.jpg,$44.00,$35.00,$31.00,$29.00,50,Juguetes,0%
Y-539,Reloj infantil + llavero diseño camara,y-539.jpg,$52.00,$42.00,$37.00,$35.00,288,Juguetes,0%
927-31,Reloj infantil + llavero pop it,927-31.jpg,$56.00,$45.00,$39.00,$37.00,288,Juguetes,0%
929-31,Reloj infantil con luz + figura,929-31.jpg,$56.00,$45.00,$39.00,$37.00,288,Juguetes,0%
928-31,Reloj infantil + llavero juego,928-31.jpg,$56.00,$45.00,$40.00,$37.00,288,Juguetes,0%
WJ-1361,(WJ-1361) Mini Alcancía de Juguete Colores Surtidos,wj-1361.jpg,$161.00,$129.00,$114.00,$108.00,48,Juguetes,0%
WJ-1364,(WJ-1364) Mini Alcancía de juguete,wj-1364.jpg,$161.00,$129.00,$114.00,$108.00,48,Juguetes,0%
ZY-1069,Juego de Basta Electrónico Piensa Rápido,zy-1069.jpg,$175.00,$140.00,$124.00,$117.00,72,Juguetes,0%
WJ-1347,Pistola de juguete 6 LOCK hidrogel,wj-1347.jpg,$220.00,$176.00,$155.00,$147.00,36,Juguetes,0%
VJT-0006,Camara Digital para Niños Recargable,vjt-0006.jpg,$209.00,$160.00,$155.00,$150.00,100,Juguetes,0%
WJ-1354,(WJ-1354)  Pistola de Juguete AUG Hidrogel,wj-1354.jpg,$260.00,$235.00,$215.00,$195.00,36,Juguetes,0%
WJ-1349,Pistola de Juguete AK47 Mini Hidrogel,wj-1349.jpg,$235.00,$188.00,$166.00,$156.00,36,Juguetes,0%
WJ-1352,(WJ-1352) Pistola de Juguete M4A1 Mini Hidrogel,wj-1352.jpg,$293.00,$235.00,$207.00,$196.00,32,Juguetes,0%
WJ-1353,(WJ-1353) Pistola de juguete M4 viper hidrogel,wj-1353.jpg,$293.00,$235.00,$207.00,$196.00,32,Juguetes,0%
WJF-0802,Dron Plegable con Cámara,wjf-0802.jpg,$300.00,$240.00,$212.00,$200.00,36,Juguetes,0%
VJT-0004,Patin para niños con asiento,vjt-0004.jpg,$340.00,$272.00,$240.00,$227.00,8,Juguetes,0%
VPN-0006,Patin con asiento para niños,vpn-0006.jpg,$384.00,$307.00,$271.00,$256.00,10,Juguetes,0%
AZMQ028,Lámpara Cubo LED con Tulipanes,azmq028.jpg,$50.00,$36.00,$33.00,$31.00,100,Iluminación,20%
LED-729,Linterna de Seguridad para Bicicleta 5W,led-729.jpg,$22.00,$17.00,$15.00,$14.00,240,Iluminación,0%
LED-733,Linterna de Seguridad para Bicicleta 5W,led-733.jpg,$22.00,$17.00,$15.00,$12.00,240,Iluminación,0%
HVH-80301,Linterna Llavero ,hvh-80301.jpg,$27.00,$23.00,$21.00,$19.00,240,Iluminación,0%
AZMQ029,Lámpara LED con Diseño de Nube y Tulipanes ,azmq029.jpg,$50.00,$39.00,$36.00,$34.00,100,Iluminación,0%
SD-586,Linterna Portátil LED 5W,sd-586.jpg,$135.00,$115.00,$105.00,$94.00,50,Iluminación,0%
SQ-815,Linterna Recargable Tipo Minero,sq-815.jpg,$33.00,$24.00,$22.00,$20.00,300,Iluminación,0%
HJ-186,Encendedor Eléctrico Recargable con Linterna COB,hj-186.jpg,$42.00,$31.00,$28.00,$26.00,400,Iluminación,0%
AZMQ023,Láser y Lámpara LED con Gancho Tipo Llavero,azmq023.jpg,$11.00,$8.00,$7.50,$7.00,1200,Iluminación,0%
AZMQ020,Lámpara Touch de Luna 3D con 12 Colores y Control Remoto,azmq020.jpg,$195.00,$143.00,$126.00,$119.00,24,Iluminación,0%
EM137,Lámpara con Luz LED y Panel Solar,em137.jpg,$155.00,$114.00,$100.00,$95.00,60,Iluminación,0%
EM21,Lámpara LED de Emergencia Recargable USB o Panel Solar,em21.jpg,$85.00,$56.00,$50.00,$47.00,100,Iluminación,0%
EM53,Lámpara de Escritorio Recargable con Clip,em53.jpg,$108.00,$79.00,$70.00,$66.00,90,Iluminación,0%
SD-567,Linterna LED Táctica de Metal + COB + Zoom,sd-567.jpg,$88.00,$64.00,$57.00,$54.00,120,Iluminación,0%
SD-568,Linterna LED Táctica de Metal + COB + Zoom,sd-568.jpg,$93.00,$68.00,$60.00,$57.00,120,Iluminación,0%
SD-576,Linterna LED Portátil con Zoom Telescópico,sd-576.jpg,$70.00,$51.00,$45.00,$43.00,240,Iluminación,0%
SD-580,Linterna con Zoom LED + COB,sd-580.jpg,$119.00,$87.00,$77.00,$73.00,160,Iluminación,0%
T8W22N10,Regleta LED 115 cm 22W / 108 led,t8w22n10.jpg,$30.00,$20.00,$17.00,$16.00,120,Iluminación,0%
SNA-5801,Adaptador Enchufe a Socket,sna-5801.jpg,$8.00,$6.00,$5.50,$5.00,1200,Iluminación,0%
S04W06,Luminario LED de Plafon 9W 85-265 V/60Hz,s04w06.jpg,$53.00,$42.00,$37.00,$35.00,50,Iluminación,0%
BGD-1344,Luz de Relleno Portátil  LED RGB,bgd-1344.jpg,$53.00,$42.00,$37.00,$35.00,200,Iluminación,0%
AZMQ059,Puntero Laser,azmq059.jpg,$63.00,$51.00,$45.00,$42.00,100,Iluminación,0%
S04W09,"Luminario LED 9W 85-26.5 V/60Hz Empotrable 6,500K",s04w09.jpg,$68.00,$55.00,$48.00,$46.00,50,Iluminación,0%
EM136,Lampara,em136.jpg,$98.00,$79.00,$69.00,$66.00,120,Iluminación,0%
BGD-1599,Tripié para Aro de Luz,bgd-1599.jpg,$75.00,$54.00,$48.00,$45.00,30,Iluminación,0%
EM23,Lampara de Campamento,em23.jpg,$50.00,$40.00,$35.00,$33.00,120,Iluminación,0%
DP-1004,(DP-1004) Foco Bocina,dp-1004.jpg,$59.00,$47.00,$41.00,$39.00,100,Iluminación,0%
EM39,Bombilla LED de Emergencia,em39.jpg,$59.00,$51.00,$47.00,$42.00,100,Iluminación,0%
B03W10,Foco Bombilla Led 10W Luz Fria,b03w10.jpg,$8.00,$7.00,$6.00,$5.00,100,Iluminación,0%
S71W05,Plafón con Foco para Empotrar,s71w05.jpg,$31.00,$25.00,$22.00,$21.00,100,Iluminación,0%
EM50,Lampara LED de Emergencia 20w,em50.jpg,$63.00,$51.00,$45.00,$42.00,100,Iluminación,0%
EM51,Lampara LED de Emergencia de 40w,em51.jpg,$87.00,$69.00,$61.00,$58.00,100,Iluminación,0%
MQ-006,Lámpara Led Giratoria 1.5W RGB,mq-006.jpg,$48.00,$42.00,$38.00,$35.00,100,Iluminación,0%
HVH-80302,Mini Linterna Led + Llavero,hvh-80302.jpg,$20.00,$16.00,$14.00,$13.00,240,Iluminación,20%
EM31W20,Lampara de Emergencia + Ventilador Recargable,em31w20.jpg,$332.00,$221.00,$200.00,$185.00,30,Iluminación,0%
HVH-40402,Lampara Solar para Exteriores,hvh-40402.jpg,$63.00,$50.00,$44.00,$40.00,100,Iluminación,0%
ID-66,Lampara Musical Noche Navideña,id-66.jpg,$183.00,$147.00,$129.00,$122.00,60,Iluminación,0%
VIL-0008,Lampara de mano recargable,vil-0008.jpg,$32.00,$25.00,$22.00,$21.00,160,Iluminación,0%
VIL-0009,Lampara de mano recargable led-1442,vil-0009.jpg,$37.00,$29.00,$26.00,$25.00,160,Iluminación,0%
T8W18N17R,Regleta De Luz Neón Roja 18w 1.20M,t8w18n17r.jpg,$49.00,$39.00,$35.00,$33.00,30,Iluminación,0%
T8W18N17V,Regleta De Luz Neón Verde 18w 1.20M,t8w18n17v.jpg,$49.00,$39.00,$35.00,$33.00,30,Iluminación,0%
HVH-80510,Linterna Luz Led de Búsqueda Portátil,hvh-80510.jpg,$105.00,$84.00,$74.00,$70.00,200,Iluminación,0%
HVH-80902,Linterna de Mano ,hvh-80902.jpg,$82.00,$60.00,$53.00,$50.00,100,Iluminación,20%
SD-583,Linterna Recargable con Gancho Portatil,sd-583.jpg,$79.00,$58.00,$51.00,$48.00,120,Iluminación,0%
HVH-80802,Lámpara de Mano Mini,hvh-80802.jpg,$32.00,$25.00,$22.00,$21.00,240,Iluminación,0%
VIL-0010,Lampara de mano led recargable,vil-0010.jpg,$37.00,$29.00,$26.00,$24.00,120,Iluminación,0%
VIL-0012,Lampara led de mano recargable led-1446,vil-0012.jpg,$47.00,$38.00,$33.00,$31.00,120,Iluminación,0%
SD-566,Linterna de Mano,sd-566.jpg,$63.00,$51.00,$45.00,$42.00,120,Iluminación,0%
SD-569,Linterna LED + COB Zoom Camuflaje,sd-569.jpg,$85.00,$68.00,$60.00,$57.00,120,Iluminación,0%
VIL-0014,Lampara led de mano recargable solar led-1447,vil-0014.jpg,$87.00,$69.00,$61.00,$58.00,100,Iluminación,0%
SD-570,Linterna con Display + COM Zoom y Cuerpo de Metal,sd-570.jpg,$97.00,$77.00,$68.00,$64.00,120,Iluminación,0%
VIL-0013,Lampra led minera,vil-0013.jpg,$30.00,$24.00,$21.00,$20.00,240,Iluminación,0%
LUD-003,Luminaria Decorativa Solar De Abejas ,lud-003.jpg,$207.00,$146.00,$165.00,$138.00,100,Iluminación,0%
DP-10143,Proyector Bluetooth Diseño de Astronauta ,dp-10143.jpg,$191.00,$175.00,$160.00,$150.00,24,Iluminación,0%
DD-2835,Tira LED RGB de 5 Metros,dd-2835.jpg,$57.00,$46.00,$42.00,$40.00,50,Iluminación,0%
T5054EX02R,Tira Led Roja 5 Metros,t5054ex02r.jpg,$59.00,$47.00,$41.00,$39.00,100,Iluminación,0%
T5054EX02V,Tira Led Verde 5 Metros,t5054ex02v.jpg,$59.00,$47.00,$41.00,$39.00,100,Iluminación,0%
LED-1330,Tira Led 5 Metros Con 30 Leds Rgb,led-1330.jpg,$63.00,$52.00,$47.00,$44.00,50,Iluminación,0%
DP-1054,Luz Led,dp-1054.jpg,$117.00,$94.00,$83.00,$78.00,100,Iluminación,0%
TS-6601CALK,Serie 300 Focos Led Calida,ts-6601calk.jpg,$157.00,$125.00,$111.00,$104.00,100,Iluminación,0%
LUD-019,Cascada Decorativa Blanca 120 Led,lud-019.jpg,$168.00,$135.00,$119.00,$112.00,100,Iluminación,0%
LUD-015,(LUD-015) Cascada Decorativa Blanca 3M 96 Led,lud-015.jpg,$175.00,$140.00,$124.00,$117.00,15,Iluminación,0%
LUD-014,Cascada Decorativa Colores 96 Led,lud-014.jpg,$175.00,$140.00,$124.00,$117.00,60,Iluminación,0%
LUD-036,Serie De Luces Led,lud-036.jpg,$200.00,$160.00,$141.00,$133.00,100,Iluminación,0%
LUD-006,Luminaria decorativa navideña,lud-006.jpg,$222.00,$177.00,$156.00,$148.00,100,Iluminación,0%
LUD-020,Cascada Blanca Decorativa 200 Led,lud-020.jpg,$227.00,$181.00,$160.00,$151.00,50,Iluminación,0%
LUD-004,Serie Decorativa Alambre 20 W,lud-004.jpg,$272.00,$217.00,$192.00,$181.00,100,Iluminación,0%
LUD-022,Cascada Decorativa Colores 240 Led,lud-022.jpg,$382.00,$305.00,$269.00,$254.00,50,Iluminación,0%
YS-252,Vaso Termo de 600ml con Bocina Bluetooth TWS de 5W,ys-252.jpg,$197.00,$144.00,$128.00,$120.00,50,Hogar / Cocina,0%
YS-251,Vaso Termo de 437ml con Bocina Bluetooth TWS,ys-251.jpg,$173.00,$127.00,$112.00,$106.00,50,Hogar / Cocina,0%
FH-256,Termo para Comida,fh-256.jpg,$60.00,$44.00,$39.00,$37.00,100,Hogar / Cocina,0%
FH-259,Tupper para Comida Térmico,fh-259.jpg,$120.00,$88.00,$78.00,$74.00,60,Hogar / Cocina,0%
K-728,Molinillo para Especias de Acero Inoxidable,k-728.jpg,$64.00,$47.00,$42.00,$39.00,100.00,Hogar / Cocina,0%
GJ-359,Destapa Corchos Metálico,gj-359.jpg,$39.00,$28.00,$25.00,$24.00,120,Hogar / Cocina,0%
CJ-2073,Dispensador De Aceite Con Capacidad De 100ml,cj-2073.jpg,$22.00,$18.00,$16.00,$15.00,100,Hogar / Cocina,0%
HJ-181,Encendedor,hj-181.jpg,$53.00,$43.00,$38.00,$36.00,300,Hogar / Cocina,0%
VASO-108,Vaso,vaso-108.jpg,$53.00,$43.00,$38.00,$36.00,100,Hogar / Cocina,0%
VASO-109,Vaso,vaso-109.jpg,$75.00,$60.00,$53.00,$50.00,60,Hogar / Cocina,0%
VASO-107,Vaso,vaso-107.jpg,$75.00,$60.00,$53.00,$50.00,60,Hogar / Cocina,0%
VASO-63,Vaso,vaso-63.jpg,$92.00,$73.00,$65.00,$61.00,50,Hogar / Cocina,0%
ZWJ-208,Estante Para Filtros De Agua,zwj-208.jpg,$117.00,$93.00,$82.00,$78.00,50,Hogar / Cocina,0%
BH-21270,(BH-21270) Hervidor Plegable,bh-21270.jpg,$132.00,$106.00,$93.00,$88.00,30,Hogar / Cocina,0%
CSQ-09,Dispensador de Agua Automático,csq-09.jpg,$70.00,$51.00,$45.00,$43.00,90,Hogar / Cocina,0%
BH-21150,(BH-21150) Batidora,bh-21150.jpg,$21.00,$16.00,$15.00,$14.00,300,Hogar / Cocina,0%
FA015,Dispensador De Agua,fa015.jpg,$48.00,$38.00,$34.00,$32.00,64,Hogar / Cocina,0%
FA018,Dispensador De Agua Con Luz Led,fa018.jpg,$53.00,$42.00,$37.00,$35.00,64,Hogar / Cocina,0%
BWB-17132,Termo Tipo Starbucks 30oz,bwb-17132.jpg,$95.00,$81.00,$72.00,$65.00,50,Hogar / Cocina,0%
BWB-1749,(BWB-1749) Termo 20 OZ,bwb-1749.jpg,$81.00,$65.00,$57.00,$54.00,50,Hogar / Cocina,0%
BZ-2102,(BZ-2102) Termo 1.3 L,bz-2102.jpg,$127.00,$101.00,$89.00,$84.00,60,Hogar / Cocina,0%
BWB-1784,(BWB-1784) Vaso de 710ml,bwb-1784.jpg,$73.00,$59.00,$52.00,$49.00,48,Hogar / Cocina,0%
BWB-1715,(BWB-1715) Vaso 30 Oz,bwb-1715.jpg,$86.00,$69.00,$61.00,$57.00,50,Hogar / Cocina,0%
JJYP272,(JJYP272) Vaso Portable 400 Ml,jjyp272.jpg,$100.00,$80.00,$71.00,$67.00,6,Hogar / Cocina,0%
JBB-5254,Vaso Diseño,jbb-5254.jpg,$142.00,$113.00,$100.00,$94.00,80,Hogar / Cocina,0%
BH-21238,Bolsa de Compras Extensible con Ruedas,bh-21238.jpg,$59.00,$47.00,$41.00,$39.00,50,Hogar,0%
JXQ-1403,Extension 5 Metros,jxq-1403.jpg,$42.00,$32.00,$28.00,$26.00,80,Hogar,0%
JXQ-1402,Extensión de 3 Metros Uso Rudo,jxq-1402.jpg,$32.00,$22.00,$20.00,$19.00,100,Hogar,0%
JXQ-1401,Extensión de 2 Metros Uso Rudo,jxq-1401.jpg,$27.00,$20.00,$17.00,$16.00,120,Hogar,0%
JXQ-1404,Extension 10 Metros Uso Rudo,jxq-1404.jpg,$100.00,$60.00,$55.00,$46.00,50,Hogar,0%
SJ-2502,Candado para Moto de 50mm,sj-2502.jpg,$46.00,$34.00,$30.00,$28.00,96,Hogar,0%
MWQ-0213,Lampara Mata Mosquitos Mosquitero,mwq-0213.jpg,$95.00,$72.00,$63.50,$60.00,60,Hogar,0%
GJ-337,Desarmador con 8 Puntas Intercambiables,gj-337.jpg,$35.00,$26.00,$23.00,$22.00,100,Hogar,0%
RYL-2001,Encendedor giratorio de 360 grados,ryl-2001.jpg,$42.00,$30.00,$28.00,$26.00,200.00,Hogar,0%
SJ-2501,Candado para Moto de 40mm,sj-2501.jpg,$35.00,$26.00,$23.00,$22.00,120,Hogar,0%
SJ-2503,Candado para Moto de 60mm,sj-2503.jpg,$53.00,$39.00,$35.00,$33.00,60,Hogar,0%
JS-9636,Calculadora Básica Retro de 10 Dígitos ,js-9636.jpg,$60.00,$44.00,$39.00,$37.00,144,Hogar,0%
JS-9637,Calculadora Básica Retro Transparente de 10 Dígitos Degradado,js-9637.jpg,$64.00,$47.00,$42.00,$39.00,144,Hogar,0%
JS-9638,Calculadora Básica de 12 Dígitos Colores Pasteles,js-9638.jpg,$82.00,$60.00,$53.00,$50.00,120,Hogar,0%
JS-9639,Calculadora Básica de 12 Dígitos Colores Pasteles,js-9639.jpg,$64.00,$47.00,$42.00,$39.00,144,Hogar,0%
JS-9640,Calculadora Básica de 12 Dígitos con Color Degradado con Carga Solar,js-9640.jpg,$40.00,$30.00,$26.00,$25.00,300,Hogar,0%
CDQ-L73,Cargador de Baterías AA/AAA con 4 Pilas AAA de 350 mAh,cdq-l73.jpg,$137.00,$100.00,$89.00,$84.00,60,Hogar,0%
GJ-306-5M,Flexómetro Retráctil de 5m ,gj-306-5m.jpg,$24.00,$18.00,$16.00,$15.00,180,Hogar,0%
GJ-361,Kit Automotriz para Discos de Frenos,gj-361.jpg,$310.00,$227.00,$200.00,$189.00,10,Hogar,0%
GJ-363,Pistola de Silicón Eléctrica,gj-363.jpg,$55.00,$40.00,$36.00,$34.00,100,Hogar,0%
MULTI-08,"Barra Multicontacto 3 Enchufes, 2 USB, 1 Tipo C",multi-08.jpg,$108.00,$79.00,$70.00,$66.00,80.00,Hogar,0%
MULTI-10,"Barra Multicontacto 4 Enchufes, 2 Puertos USB y 1 Puerto Tipo C",multi-10.jpg,$119.00,$87.00,$77.00,$73.00,80.00,Hogar,0%
SJ-12230,Candado de Seguridad Antirrobos para Motocicleta,sj-12230.jpg,$48.00,$35.00,$31.00,$29.00,100,Hogar,0%
MULTI-29,Extensión Eléctrica de 5m,multi-29.jpg,$42.00,$31.00,$28.00,$26.00,100,Hogar,0%
MULTI-31,Extensión Eléctrica de 15m,multi-31.jpg,$100.00,$74.00,$65.00,$62.00,40.00,Hogar,0%
FK-903,Sellador y Cortador de Bolsas con Imán,fk-903.jpg,$39.00,$28.00,$25.00,$24.00,200,Hogar,0%
QJ-191,Mini Trapeador de Mano,qj-191.jpg,$31.00,$23.00,$20.00,$19.00,200,Hogar,0%
ZWJ-210,Perchero Plegable,zwj-210.jpg,$64.00,$47.00,$42.00,$39.00,100,Hogar,0%
MR-929,Bomba Inflable Eléctrica para Automóvil,mr-929.jpg,$150.00,$135.00,$125.00,$115.00,20,Hogar,0%
ZJT-8100,Adaptador de Corriente Internacional,zjt-8100.jpg,$4.00,$3.50,$3.00,$2.50,1000,Hogar,0%
WSZ-801,Vela de Calabaza para Halloween,wsz-801.jpg,$10.00,$8.00,$7.50,$7.00,576,Hogar,0%
JSL-7003,Bolsa Impermeable Para Telefono ,jsl-7003.jpg,$14.00,$11.00,$10.00,$9.50,500,Hogar,0%
BH-21315,(BH-21315) Soporte para levantar Garrafon,bh-21315.jpg,$16.00,$13.00,$12.00,$11.00,300,Hogar,0%
LED-710,Luces De Bicicleta,led-710.jpg,$17.00,$13.00,$12.00,$11.00,600,Hogar,0%
BH-21142,(BH-21142) Mini Trapeador de Almacenamiento de Agua,bh-21142.jpg,$22.00,$18.00,$16.00,$15.00,120,Hogar,0%
AZMQ055,Bola De Cristal,azmq055.jpg,$30.00,$24.00,$21.00,$20.00,150,Hogar,0%
AZMQ056,Bola De Cristal,azmq056.jpg,$33.00,$27.00,$24.00,$22.00,120,Hogar,0%
HJ-183,Encendedor Eléctrico Recargable con Linterna COB,hj-183.jpg,$43.00,$35.00,$31.00,$29.00,300,Hogar,0%
BH-21230,(BH-21230) Lavadora portátil,bh-21230.jpg,$51.00,$41.00,$36.00,$34.00,100,Hogar,0%
HJ-185,Cenicero,hj-185.jpg,$63.00,$51.00,$45.00,$42.00,100,Hogar,0%
BH-21196,(BH-21196) Aspiradora Portátil,bh-21196.jpg,$66.00,$53.00,$47.00,$44.00,40,Hogar,0%
ZB-030,Despeetador,zb-030.jpg,$67.00,$53.00,$47.00,$44.00,100,Hogar,0%
ZB-029,Despertador,zb-029.jpg,$83.00,$67.00,$59.00,$56.00,100,Hogar,0%
BH-21319,(BH-21319)  Regadera para Baño,bh-21319.jpg,$117.00,$94.00,$83.00,$78.00,70,Hogar,0%
DWP-2006,Matamosquitos Electrico,dwp-2006.jpg,$125.00,$100.00,$88.00,$83.00,60,Hogar,0%
BH-21313,(BH-21313) Secador de Zapatos,bh-21313.jpg,$147.00,$117.00,$104.00,$98.00,30,Hogar,0%
DES-PLA,Paquete de Platos Desechables,des-pla.png,$167.00,$133.00,$118.00,$111.00,20,Hogar,0%
HP-N,Cartel de Harry Potter de Led Neón,hp-n.png,$167.00,$133.00,$118.00,$111.00,20,Hogar,0%
QN-22,Calentador,qn-22.jpg,$175.00,$140.00,$124.00,$117.00,30,Hogar,0%
QN-20,Calentador,qn-20.jpg,$197.00,$157.00,$139.00,$131.00,60,Hogar,0%
VHO-0002,Mueble Armable,vho-0002.jpg,$269.00,$240.00,$220.00,$200.00,10,Hogar,0%
SOM-T,Sombrillas Tommy Sahama para Playa,som-t.png,$467.00,$373.00,$329.00,$311.00,20,Hogar,0%
BH-21201,Zapatero,bh-21201.jpg,$51.00,$41.00,$36.00,$34.00,60,Hogar,0%
BH-21216,Perchero,bh-21216.jpg,$125.00,$100.00,$88.00,$83.00,36,Hogar,0%
BH-2171,Set De 24 Plumones Doble Punta,bh-2171.jpg,$51.00,$41.00,$36.00,$34.00,50,Hogar,0%
BH-21203,(BH-21203) Zapatero,bh-21203.jpg,$70.00,$56.00,$50.00,$47.00,40,Hogar,0%
BH-2172,Set De 36 Plumones Doble Punta,bh-2172.jpg,$73.00,$59.00,$52.00,$49.00,100,Hogar,0%
BH-21200,(BH-21200) Zapatero,bh-21200.jpg,$88.00,$70.00,$62.00,$59.00,40,Hogar,0%
BH-21213,(BH-21213) Cesto de Ropa Plegable,bh-21213.jpg,$95.00,$76.00,$67.00,$64.00,48,Hogar,0%
ZE-0811,Set De 24 Plumones,ze-0811.jpg,$117.00,$93.00,$82.00,$78.00,40,Hogar,0%
BH-21154,(BH-21154) Mueble para Especias de Cocina,bh-21154.jpg,$132.00,$106.00,$93.00,$88.00,30,Hogar,0%
BH-21212,(BH-21212) Cesto de Ropa,bh-21212.jpg,$139.00,$111.00,$98.00,$93.00,48,Hogar,0%
BH-2131,(BH-2131) Closet Portatil 55 Cm X 42 Cm X 160 Cm,bh-2131.jpg,$176.00,$141.00,$124.00,$117.00,20,Hogar,0%
BH-21210,(BH-21210) Estante De Baño,bh-21210.jpg,$198.00,$158.00,$140.00,$132.00,16,Hogar,0%
BH-21215,(BH-21215) Mueble de Baño,bh-21215.jpg,$227.00,$182.00,$160.00,$152.00,16,Hogar,0%
BH-21245,(BH-21245) Mueble para colgar ropa,bh-21245.jpg,$264.00,$211.00,$186.00,$176.00,12,Hogar,0%
ZE-0813,Set De 60 Plumones Acrilico,ze-0813.jpg,$267.00,$213.00,$188.00,$178.00,50,Hogar,0%
LUD-017,Serie de luz para navidad,lud-017.jpg,$53.00,$43.00,$38.00,$36.00,100,Hogar,0%
TS-8602V3CK,Serie de 500 focos led multicolor,ts-8602v3ck.jpg,$267.00,$213.00,$188.00,$178.00,16,Hogar,0%
JXQ-1800,Regleta Multicontacto de 6 Entradas con Interruptor de Encendido ,jxq-1800.jpg,$40.00,$30.00,$27.00,$25.00,60,Hogar,0%
ZJT-8104,Adaptador de Corriente Universal Plano a Redondo 110V,zjt-8104.jpg,$3.00,$2.50,$2.00,$1.20,2500,Hogar,0%
HOG.953.P,Escobilla Desechable Para Baño,hog.953.p.jpg,$32.00,$25.00,$22.00,$21.00,100,Hogar,0%
ZJT-8101,Adaptador Internacional De Corriente,zjt-8101.jpg,$33.00,$26.00,$23.00,$22.00,200,Hogar,0%
XZ-6370,Porta Vasos Multifuncional,xz-6370.jpg,$53.00,$42.00,$37.00,$35.00,100,Hogar,0%
FS-1110,Ventilador Pinza,fs-1110.jpg,$95.00,$76.00,$67.00,$64.00,50,Hogar,0%
HOG.78,Maquina De Sellado Al Vacio,hog.78.jpg,$190.00,$152.00,$134.00,$127.00,50,Hogar,0%
PLAYO CALIBRE .80 18,Playo 18,playo calibre .80 18.jpg,$166.00,$166.00,$147.00,$138.00,50,Hogar,0%
CAMISETAS SELECCION MEXICANA,Camisetas Seleccion Mexicana,camisetas seleccion mexicana.jpg,$248.00,$199.00,$175.00,$166.00,100,Hogar,0%
TL1542N22B,Soporte para TV de 26 a 55 Pulgadas,tl1542n22b.jpg,$79.00,$63.00,$56.00,$53.00,20,Hogar,0%
TL1412N17C,"Soporte De Pared Para Tv 14"" - 43""",tl1412n17c.jpg,$43.00,$35.00,$31.00,$29.00,30,Hogar,0%
B1442N07B,"Soporte Movible Para Tv De 14"" a 42""",b1442n07b.jpg,$140.00,$100.00,$88.00,$83.00,10,Hogar,0%
SOPORTE 14-42," Soporte De Tv 14""",soporte 14-42.jpg,$248.00,$198.00,$175.00,$165.00,5,Hogar,0%
C1732N53,(C1732N53) Soporte para Pantalla,c1732n53.jpg,$455.00,$364.00,$321.00,$303.00,6,Hogar,0%
Z011,Soporte Para Monitor,z011.jpg,$465.00,$372.00,$328.00,$310.00,100,Hogar,0%
JSQ-1810,Humidificador,jsq-1810.jpg,$73.00,$63.00,$58.00,$55.00,60,Hogar,0%
JSQ-23,(JSQ-23) Humidificador Foco,jsq-23.jpg,$92.00,$73.00,$65.00,$61.00,34,Hogar,0%
MULTI-16,"Multi Contacto 5 enchufes, conexión USB, Conexión Tipo C",multi-16.jpg,$137.00,$100.00,$89.00,$84.00,60.00,Hogar,0%
BH-21312,Compresora de Aire,bh-21312.jpg,$95.00,$76.00,$67.00,$64.00,30,Ferretería,0%
LSD-6134,Destornillador,lsd-6134.jpg,$27.00,$22.00,$19.00,$18.00,120,Ferretería,0%
GJ-308-3M,Cinta Metrica,gj-308-3m.jpg,$12.00,$9.00,$8.50,$8.00,240,Ferretería,0%
GJ-307-3M,Cinta Metrica,gj-307-3m.jpg,$13.00,$11.00,$9.50,$9.00,240,Ferretería,0%
SNA-5831,Extension Electrica Socket 5M,sna-5831.jpg,$27.00,$22.00,$20.00,$19.00,100,Ferretería,0%
LSD-6135,Juego de Herramientas de Destornilladores ,lsd-6135.jpg,$106.00,$78.00,$68.00,$65.00,60,Ferretería,0%
GJ-D302,Cuter,gj-d302.jpg,$8.00,$6.00,$5.50,$5.00,480,Ferreteria,0%
MR-839,Candado,mr-839.jpg,$27.00,$21.00,$19.00,$18.00,500,Ferreteria,0%
YXJ-1506,Consola Arcade + 2 Mandos,yxj-1506.jpg,$175.00,$140.00,$124.00,$117.00,40,Entretenimiento,0%
X2,"Mini consola arcade 64Gb + 30,000 juegos",x2.jpg,$433.00,$346.00,$306.00,$289.00,40,Entretenimiento,0%
TO-1021,Consola Retro SUP ,to-1021.jpg,$150.00,$120.00,$110.00,$100.00,100,Entretenimiento,0%
YXJ-1513,Consola S10 + Control,yxj-1513.jpg,$227.00,$182.00,$160.00,$152.00,50,Entretenimiento,0%
YXJ-1504,Consola Inalambrica M8,yxj-1504.jpg,$317.00,$253.00,$224.00,$211.00,40,Entretenimiento,0%
YXJ-1522,Consola M8S,yxj-1522.jpg,$392.00,$313.00,$276.00,$261.00,40,Entretenimiento,0%
YXJ-1507,Control Xbox 360,yxj-1507.jpg,$191.00,$153.00,$135.00,$127.00,50,Entretenimiento,0%
YXJ-1509,(YXJ-1509) Control PS4 Negro,yxj-1509.jpg,$235.00,$188.00,$166.00,$156.00,50,Entretenimiento,0%
YXJ-1510,(YXJ-1510) Control para Play 4 Diseño Surtido,yxj-1510.jpg,$249.00,$199.00,$176.00,$166.00,50,Entretenimiento,0%
P47M,Diadema Diseño Gato,p47m.jpg,$75.00,$50.00,$44.00,$42.00,100,Diademas,20%
P47R,Diadema Bluetooth con Orejas de Conejo ,p47r.jpg,$60.00,$50.00,$47.00,$44.00,100,Diademas,0%
BG-123,Diadema Bluetooth Recargable,bg-123.jpg,$60.00,$48.00,$42.00,$40.00,100,Diademas,0%
CEP-8,Diadema Bluetooth Estilo Piel ,cep-8.jpg,$98.00,$79.00,$69.00,$66.00,80,Diademas,0%
P9PROMAXPAINT,Audifonos de Diadema Bluetooth Diseño Paint P9,p9promaxpaint.jpg,$99.00,$82.00,$78.00,$73.00,80,Diademas,0%
XR-3202,Diadema de Gato ,xr-3202.jpg,$83.00,$66.00,$58.00,$55.00,100,Diademas,0%
P9,Diadema Bluetooth P9,p9.jpg,$78.00,$68.00,$65.00,$60.00,80,Diademas,0%
FR-4804,(FR-4804) Diadema Bluetooth DR-10 Labubu,fr-4804.jpg,$113.00,$90.00,$79.00,$75.00,100,Diademas,0%
XR-3218,Diadema P con Diseño ,xr-3218.jpg,$128.00,$102.00,$90.00,$85.00,100,Diademas,0%
AH-806M,Diadema Bt Diseño,ah-806m.jpg,$142.00,$113.00,$100.00,$94.00,80,Diademas,0%
XR-3201,Audífonos Inalámbricos Diadema con Diseño Pop It,xr-3201.jpg,$189.00,$151.00,$133.00,$126.00,100,Diademas,0%
XR-3241,Diadema Bluetooth,xr-3241.jpg,$233.00,$186.00,$164.00,$155.00,100,Diademas,0%
DKQ-9601,Adaptador para Memorias Micro SD,dkq-9601.jpg,$11.00,$9.00,$8.00,$7.50,1000,Cómputo,0%
DNSD-9210,Mouse,dnsd-9210.jpg,$21.00,$17.00,$15.00,$14.00,200,Cómputo,0%
DNSD-9211,Raton Con Cable,dnsd-9211.jpg,$26.00,$21.00,$18.00,$17.00,200,Cómputo,0%
SB-9250,Mouse Para Pc,sb-9250.jpg,$50.00,$40.00,$35.00,$33.00,100,Cómputo,0%
DNSD-9310,Teclado,dnsd-9310.jpg,$165.00,$132.00,$116.00,$110.00,50,Cómputo,0%
DNSD-9303,Kit Teclado Y Mouse,dnsd-9303.jpg,$197.00,$157.00,$139.00,$131.00,30,Cómputo,0%
DNSD-9307,Kit Teclado Y Mouse,dnsd-9307.jpg,$225.00,$180.00,$159.00,$150.00,30,Cómputo,0%
ATC-24002,Cargador para Moto,atc-24002.jpg,$62.00,$45.00,$40.00,$38.00,100,Cargadores,0%
ATC-24001,Cargador Para Moto ,atc-24001.jpg,$36.00,$27.00,$24.00,$22.00,100,Cargadores,0%
CAR-353,Cargador de Doble Puerto USB-C de 12W,car-353.jpg,$42.00,$31.00,$28.00,$26.00,200,Cargadores,0%
CAR-PD93,Cargador de Carga Súper Rápida de 20W Tipo C,car-pd93.jpg,$55.00,$40.00,$36.00,$34.00,200,Cargadores,0%
CAR-350,Cargador Alámbrico de 12W con Puerto USB y Tipo C,car-350.jpg,$42.00,$31.00,$28.00,$26.00,200,Cargadores,0%
CAR-351,Cargador Alámbrico de 12W con Puerto USB y Tipo C,car-351.jpg,$46.00,$34.00,$30.00,$28.00,200,Cargadores,0%
CAR-352,Cargador Alámbrico de 12W con Puerto USB y Tipo C,car-352.jpg,$44.00,$32.00,$29.00,$27.00,200,Cargadores,0%
CAR-PD90,Cargador Alámbrico de 20W con Puerto Tipo C,car-pd90.jpg,$51.00,$38.00,$33.00,$32.00,200,Cargadores,0%
CAR-U101,Combo Cubo Cargador con Cable Tipo V8 y Puerto USB,car-u101.jpg,$35.00,$23.00,$20.00,$19.00,200,Cargadores,0%
CAR-U263,Cargador Alámbrico de 12W con Puerto USB,car-u263.jpg,$37.00,$27.00,$24.00,$23.00,200,Cargadores,0%
CAR-U261,Cargador Alámbrico de 12W con Puerto USB,car-u261.jpg,$37.00,$27.00,$24.00,$23.00,200,Cargadores,0%
CAR-U260,Cargador Alámbrico de 12W con Puerto USB,car-u260.jpg,$37.00,$27.00,$24.00,$23.00,200,Cargadores,0%
CDQ-L77,"Cargador USB para Batería LI-ION de 1,000 MAH",cdq-l77.jpg,$25.00,$20.00,$18.00,$17.00,200,Cargadores,0%
CDQ-L76,"Cargador USB para Baterías tipo LI-ION de 2,000 MAH",cdq-l76.jpg,$40.00,$32.00,$28.00,$27.00,200,Cargadores,0%
TC-2009,Cargador De Auto Con 2 Puertos Usb,tc-2009.jpg,$11.00,$9.00,$8.00,$7.50,1000,Cargadores,0%
ADC80-03,Adaptador de Corriente AC/DC 24W,adc80-03.jpg,$37.00,$31.50,$29.50,$26.50,150,Cargadores,0%
ADC80-02,Adaptador de Corriente 18W,adc80-02.jpg,$33.00,$27.00,$24.00,$22.00,200,Cargadores,0%
BH-2130,(BH-2130) Cargador Para Baterias + Baterias Aaa,bh-2130.jpg,$117.00,$94.00,$83.00,$78.00,60,Cargadores,0%
ZJT-8102,Multicontacto para Enchufes ,zjt-8102.jpg,$9.00,$7.00,$6.50,$6.00,500,Cargadores,0%
CAR-PD70,Cubo Cargador USB-C PD 20w Max,car-pd70.jpg,$39.00,$28.00,$25.00,$24.00,200,Cargadores,0%
CAR-323,Cubo Cargador de Doble Puerto USB-C de 12W,car-323.jpg,$35.00,$26.00,$23.00,$22.00,200,Cargadores,0%
CAR-PD73,Cubo de Carga Súper Rápida de 20W Max,car-pd73.jpg,$42.00,$31.00,$28.00,$26.00,200,Cargadores,0%
CAR-PD120,Cubo Cargador de 20W con Puerto Tipo C Dual,car-pd120.jpg,$73.00,$54.00,$48.00,$45.00,200,Cargadores,0%
CAR-321,Cargador de Doble Puerto 12w max 2.4A,car-321.jpg,$35.00,$26.00,$23.00,$22.00,200,Cargadores,0%
CAR-306,Cubo Cargador de 12W con Puerto USB y Tipo C,car-306.jpg,$28.00,$20.00,$18.00,$17.00,500,Cargadores,0%
CAR-308,Cubo Cargador de 12W con Puerto USB y Tipo C,car-308.jpg,$28.00,$20.00,$18.00,$17.00,500,Cargadores,0%
CAR-PD53,Cubo Cargador de 20W con Puerto Tipo C,car-pd53.jpg,$37.00,$27.00,$24.00,$23.00,500,Cargadores,0%
CAR-PD70,Cubo Cargador USB-C PD 20w Max,car-pd70.jpg,$39.00,$28.00,$25.00,$24.00,200,Cargadores,0%
CAR-U103,Cubo Cargador con 1 Puerto USB y Cable Tipo C,car-u103.jpg,$31.00,$23.00,$20.00,$19.00,200,Cargadores,0%
CAR-U105,Cubo Cargador con Puerto USB de 10W,car-u105.jpg,$17.00,$12.00,$11.00,$10.00,1000,Cargadores,0%
TT-3001,Cubo De Carga USB Sencillo,tt-3001.jpg,$8.50,$6.50,$6.00,$5.50,1000,Cargadores,0%
CAR-U202,Cargador Cubo USB 12w,car-u202.jpg,$20.00,$16.00,$14.00,$13.00,500,Cargadores,0%
CAR-U201,Cargador Cubo USB 12w,car-u201.jpg,$20.00,$16.00,$14.00,$13.00,500,Cargadores,0%
VGA-051,Cubo de Carga de 12W Entrada Tipo C y USB,vga-051.jpg,$23.00,$19.00,$16.00,$15.00,100,Cargadores,0%
CAR-305,Cargador Cubo de Doble Entrada Diseño,car-305.jpg,$25.00,$20.00,$18.00,$17.00,500,Cargadores,0%
CAR-303,Cargador Cubo de Doble Puerto 12w,car-303.jpg,$25.00,$20.00,$18.00,$17.00,500,Cargadores,0%
CAR-302,Cargador Cubo de 12w Doble Entrada,car-302.jpg,$25.00,$20.00,$18.00,$17.00,500,Cargadores,0%
CAR-U221,Cargador USB 12w Max 2.4A,car-u221.jpg,$28.00,$23.00,$20.00,$19.00,200,Cargadores,0%
CAR-PD50,Cargador Cubo tc carga Rápida 20w,car-pd50.jpg,$28.00,$23.00,$20.00,$19.00,500,Cargadores,0%
CAR-U220,Cubo de Carga 12w 2.4A Max,car-u220.jpg,$28.00,$23.00,$20.00,$19.00,200,Cargadores,0%
CAR-322,Cargador de Doble Entrada 12w Max,car-322.jpg,$32.00,$25.00,$22.00,$21.00,200,Cargadores,0%
CAR-320,Cargador Doble entrada 2.4A 12w,car-320.jpg,$32.00,$25.00,$22.00,$21.00,200,Cargadores,0%
VGA-028,Cubo de Carga Doble entrada USB y Tipo C,vga-028.jpg,$50.00,$40.00,$35.00,$33.00,200,Cargadores,0%
VGA-029,Cubo de Carga Entrada Doble TC 40W PD20Wx2 Amarillo,vga-029.jpg,$82.00,$65.00,$58.00,$54.00,200,Cargadores,0%
TC-1001,Plug In Para Auto 2 Usb,tc-1001.jpg,$8.00,$6.00,$5.50,$5.00,1000,Cargadores,0%
TC-1002,Cargador Plug In Doble Entrada Usb,tc-1002.jpg,$8.00,$6.00,$5.50,$5.00,1000,Cargadores,0%
VGA-007,Combo Cargador V8 Nebro 2.5A,vga-007.jpg,$30.00,$24.00,$21.00,$20.00,200,Cargadores,0%
XC-0327,Extensión de 5 Metros,xc-0327.jpg,$33.00,$28.00,$26.00,$25.00,80,Cables,0%
XH-V8-1653,Cable V8,xh-v8-1653.jpg,$6.50,$5.00,$4.50,$4.00,1000,Cables,0%
XH-I8-1693,Cable Iphone,xh-i8-1693.jpg,$11.00,$7.50,$6.50,$6.00,500,Cables,0%
TY-9001,Cable Auxiliar 1 Metro 3.5mm a 3.5mm,ty-9001.jpg,$6.50,$5.00,$4.50,$4.20,100,Cables,0%
TY-9011,Cable Auxiliar 1 Metro 3.5mm a 3.5mm,ty-9011.jpg,$6.50,$5.00,$4.50,$4.20,1000,Cables,0%
TY-9041,Cable Auxiliar 1 Metro 3.5mm a 3.5mm,ty-9041.jpg,$7.00,$5.50,$5.00,$4.50,1000,Cables,0%
TY-9002,Cable Auxiliar 2 Metros 3.5mm a 3.5mm,ty-9002.jpg,$9.00,$7.50,$7.00,$6.50,1000,Cables,0%
TY-9004,Cable Auxiliar 3.5mm a 3.5mm,ty-9004.jpg,$7.00,$5.50,$5.00,$4.50,1000,Cables,0%
TY-9003,Cable Auxiliar 3 Metros 3.5mm a 3.5mm,ty-9003.jpg,$13.00,$10.00,$9.00,$8.50,500,Cables,0%
HDM-9406,Cable HDMI a HDMI de 20 Metros,hdm-9406.jpg,$163.00,$120.00,$106.00,$100.00,30,Cables,0%
HDM-9404,Cable HDMI a HDMI de 10 Metros,hdm-9404.jpg,$82.00,$60.00,$53.00,$50.00,50,Cables,0%
HDM-9403,Cable HDMI 5 Metros,hdm-9403.jpg,$45.00,$32.00,$29.00,$27.00,100,Cables,0%
HDM-9402,Cable HDMI a HDMI de 3 Metros,hdm-9402.jpg,$25.00,$22.00,$20.00,$19.00,150.00,Cables,0%
HDM-9401,Cable HDMI a HDMI de 1.5 Metros,hdm-9401.jpg,$19.00,$15.00,$13.50,$12.50,200,Cables,0%
HDM-9405,Cable HDMI 15 Metros,hdm-9405.jpg,$98.00,$78.00,$69.00,$65.00,40,Cables,0%
TS-0902,Cable de Carga Gen USB a Lightning ,ts-0902.jpg,$7.00,$5.50,$5.00,$4.50,1000,Cables,0%
TS-0911,Cable de Carga Genérico Tipo C a Lightning,ts-0911.jpg,$8.00,$6.50,$5.50,$5.00,1000,Cables,0%
WD-010L,Cable de Carga USB a Lightning 1 Metro,wd-010l.jpg,$18.00,$15.00,$13.00,$12.00,400,Cables,0%
WD-05TL,Cable de carga Tipo C a Lightning,wd-05tl.jpg,$18.00,$116.00,$15.00,$14.00,300,Cables,0%
WD-038,Cable Adaptador C a USB/Lightning,wd-038.jpg,$21.00,$17.00,$15.00,$14.00,200,Cables,0%
WD-25TL,Cable de Carga Tipo C a Lightning,wd-25tl.jpg,$30.00,$24.00,$21.00,$20.00,400,Cables,0%
TS-0932,Cable de Carga Gen Tipo C a C,ts-0932.jpg,$9.00,$5.50,$5.00,$4.50,1000,Cables,0%
CAB005B,Cable Tipo V8 Blanco,cab005b.jpg,$8.00,$7.00,$6.50,$6.00,100,Cables,0%
CAB005N,Cable Tipo V8 Negro,cab005n.jpg,$8.00,$7.00,$6.50,$6.00,100,Cables,0%
CABSAM,Cable C a C Samsung,cabsam.jpg,$17.00,$13.00,$12.00,$11.00,25,Cables,0%
WD-25T,Cable de Carga Tipo C,wd-25t.jpg,$17.00,$13.00,$12.00,$11.00,400,Cables,0%
WD-010TT,Cable de Carga Tipo C 1 metro,wd-010tt.jpg,$18.00,$15.00,$13.00,$12.00,400,Cables,0%
TS-540,Cable V8 vinipiel,ts-540.jpg,$5.50,$4.50,$4.00,$3.50,1000,Cables,0%
WD-05M,Cable de Carga V8 1M,wd-05m.jpg,$10.00,$8.00,$7.50,$7.00,200,Cables,0%
SB428T,"Bocina Bluetooth 4x2"" 5W",sb428t.jpg,$148.00,$119.00,$105.00,$99.00,30,"Bocinas / 4x2""",0%
SA443T,Bocina Bluetooth de 4 Pulgadas,sa443t.jpg,$83.00,$66.00,$58.00,$55.00,60,"Bocinas / 4""",0%
SA438T,Bocina Bluetooth 4 Pulgadas 5w,sa438t.jpg,$83.00,$67.00,$59.00,$56.00,60,"Bocinas / 4""",0%
KTS-2006,"Bocina Bluetooth RGB Radio FM 4"" OEM",kts-2006.jpg,$93.00,$75.00,$66.00,$62.00,60,"Bocinas / 4""",0%
SA439T,Bocina Bluetooth 4 Pulgadas Recargable,sa439t.jpg,$93.00,$75.00,$66.00,$62.00,60,"Bocinas / 4""",0%
VA499T,Bocina Bluetooth 4 Pulgadas 5W,va499t.jpg,$95.00,$76.00,$67.00,$63.00,60,"Bocinas / 4""",0%
SA441T,Bocina Bluetooth de 4 Pulgadas,sa441t.jpg,$98.00,$79.00,$69.00,$66.00,50,"Bocinas / 4""",0%
KTS-1706,Bocina Bluetooth 4 Pulgadas + Lámpara 5W,kts-1706.jpg,$138.00,$111.00,$98.00,$92.00,40,"Bocinas / 4""",0%
KTS-2057,Bocina Bluetooth de 4 Pulgadas 10W,kts-2057.jpg,$215.00,$172.00,$152.00,$143.00,24,"Bocinas / 4""",0%
SB416T,Bocina Bluetooth 4 x2 Pulgadas 10w,sb416t.jpg,$267.00,$213.00,$188.00,$178.00,12,"Bocinas / 4""",0%
KTS-1966,"Bocina Bluetooth 4"" 12W TWS RGB",kts-1966.jpg,$280.00,$224.00,$198.00,$187.00,20,"Bocinas / 4""",0%
GTS-1559,Bocina De Doble 3,gts-1559.jpg,$125.00,$100.00,$88.00,$83.00,50,"Bocinas / 3x2""",0%
GTS-2085,"Bocina De 3""*2",gts-2085.jpg,$143.00,$115.00,$101.00,$96.00,40,"Bocinas / 3x2""",0%
VB357T,Bocina Bluetooth 3 x2 Pulgadas 5w,vb357t.jpg,$158.00,$127.00,$112.00,$106.00,24,"Bocinas / 3x2""",0%
GTS-1926,"Bocina De 3""*2",gts-1926.jpg,$175.00,$140.00,$124.00,$117.00,30,"Bocinas / 3x2""",0%
KTS-2206,"Bocina Bluetooth 3x2"" 5W + Micrófono Karaoke",kts-2206.jpg,$225.00,$180.00,$159.00,$150.00,24,"Bocinas / 3x2""",0%
KTS-1973,"Bocina Bluetooth 3x2"" 6W RGB + Micrófono",kts-1973.jpg,$325.00,$260.00,$229.00,$217.00,20,"Bocinas / 3x2""",0%
VA370R,Bocina Bluetooth Portátil Color Rojo 5W,va370r.jpg,$50.00,$33.00,$30.00,$28.00,80,"Bocinas / 3""",0%
SA325T,Bocina Portátil de 3 Pulgadas 5W,sa325t.jpg,$56.00,$45.00,$40.00,$38.00,80,"Bocinas / 3""",0%
GTS-1961,"Bocina De 3""",gts-1961.jpg,$58.00,$47.00,$41.00,$39.00,80,"Bocinas / 3""",0%
VA364T,Bocina Bluetooth Portátil de 3 Pulgadas,va364t.jpg,$65.00,$42.00,$38.00,$36.00,60,"Bocinas / 3""",0%
GTS-1271,"Bocina De 3""",gts-1271.jpg,$63.00,$51.00,$45.00,$43.00,60,"Bocinas / 3""",0%
GTS-1971,"Bocina De 3""",gts-1971.jpg,$62.00,$49.00,$44.00,$41.00,80,"Bocinas / 3""",0%
GTS-1803,"Bocina De 3""",gts-1803.jpg,$65.00,$52.00,$46.00,$43.00,80,"Bocinas / 3""",0%
SA317T,"Bocina Bluetooth de 3""",sa317t.jpg,$68.00,$55.00,$48.00,$46.00,100,"Bocinas / 3""",0%
SA320T,Bocina Bluetooth de 3 Pulgadas ,sa320t.jpg,$83.00,$66.00,$58.00,$55.00,60,"Bocinas / 3""",0%
KTS-2295,Bocina Bluetooth 3 Pulgadas 5W + Correa,kts-2295.jpg,$145.00,$96.00,$85.00,$80.00,50,"Bocinas / 3""",0%
KTS-1251,Bocina Bluetooth 3 Pulgadas 5w,kts-1251.jpg,$125.00,$100.00,$88.00,$83.00,50,"Bocinas / 3""",0%
GTS-2040,"Bocina De 3""",gts-2040.jpg,$132.00,$105.00,$93.00,$88.00,50,"Bocinas / 3""",0%
KTS-1901,"Bocina Bluetooth de 3"" con Luces Led ",kts-1901.jpg,$135.00,$108.00,$95.00,$90.00,40,"Bocinas / 3""",0%
KTS-1889,"Bocina Bluetooth 3"" 12W con Micrófono Portátil Karaoke luz LED",kts-1889.jpg,$215.00,$172.00,$152.00,$143.00,40,"Bocinas / 3""",0%
SA322T,"Bocina Bluetooth 3"" 10W + Micrófono RGB",sa322t.jpg,$258.00,$207.00,$182.00,$172.00,30,"Bocinas / 3""",0%
SA316T,Bocina Bluetooth de 3 Pulgadas + Micrófono,sa316t.jpg,$287.00,$229.00,$202.00,$191.00,30,"Bocinas / 3""",0%
RD-257,"Bocina Bluetooth Vintage Radio FM 5w 3""",rd-257.jpg,$413.00,$331.00,$292.00,$276.00,16,"Bocinas / 3""",0%
MCK-002,Bocina Bluetooth con Micrófono ,mck-002.jpg,$123.00,$99.00,$87.00,$82.00,40,"Bocinas / 2""",0%
RD-262,Radio Bocina Bluetooth 2 Pulgadas,rd-262.jpg,$255.00,$204.00,$180.00,$170.00,50,"Bocinas / 2""",0%
XM-7104,Mini Altavoz Inalámbrico Portátil,xm-7104.jpg,$38.00,$30.00,$28.00,$25.00,200,Bocinas,0%
FM-5129,Bocina Bluetooth Flip 6,fm-5129.jpg,$220.00,$170.00,$152.00,$140.00,60.00,Bocinas,0%
CH-J2138,Reloj Despertador con Bocinas Bluetooth TWS,ch-j2138.jpg,$397.00,$291.00,$257.00,$243.00,30,Bocinas,0%
XM-7130,Bocina de Baño,xm-7130.jpg,$50.00,$39.00,$36.00,$34.00,100,Bocinas,0%
CH-J2062,Bocina Bluetooth con Diseño de Automóvil con Función TWS,ch-j2062.jpg,$146.00,$107.00,$95.00,$89.00,60,Bocinas,0%
GTS-1560,"Bocina Bluetooth de 3""x 2 con Luz LED",gts-1560.jpg,$108.00,$79.00,$70.00,$66.00,50,Bocinas,0%
GTS-2083,"Bocina Bluetooth 3"" x2 con Luz LED",gts-2083.jpg,$119.00,$87.00,$77.00,$73.00,50.00,Bocinas,0%
GTS-1637,"Bocina Bluetooth Portátil 4"" con Asa y Luz LED",gts-1637.jpg,$144.00,$106.00,$93.00,$88.00,40,Bocinas,0%
GTS-1830,Bocina Bluetooth 8″ luz LED,gts-1830.jpg,$282.00,$207.00,$183.00,$173.00,12.00,Bocinas,0%
CH-J2054,Bocina Bluetooth con Diseño de Automóvil y Panel Solar,ch-j2054.jpg,$191.00,$140.00,$124.00,$117.00,40,Bocinas,0%
CH-J2055,Bocina Bluetooth con Diseño de Auto y Luz LED,ch-j2055.jpg,$217.00,$159.00,$140.00,$133.00,40,Bocinas,0%
CH-J2062,Bocina Bluetooth con Diseño de Automóvil con Función TWS,ch-j2062.jpg,$146.00,$107.00,$95.00,$89.00,60,Bocinas,0%
CH-J2074,Micrófono Karaoke con Bluetooth y Radio FM,ch-j2074.jpg,$106.00,$78.00,$69.00,$65.00,50,Bocinas,0%
CH-J2065,Mini Bocina Bluetooth con Función TWS y Luz RGB,ch-j2065.jpg,$119.00,$87.00,$77.00,$73.00,60,Bocinas,0%
CH-J2082,Bocina Bluetooth con Función TWS,ch-j2082.jpg,$119.00,$87.00,$77.00,$73.00,50,Bocinas,0%
CH-J2106,Bocina Bluetooth TWS con Diseño de Camioneta,ch-j2106.jpg,$190.00,$139.00,$123.00,$116.00,30,Bocinas,0%
CH-J2078,"Bocina Bluetooth TWS, Resistente al Agua y Luz RGB",ch-j2078.jpg,$131.00,$96.00,$85.00,$80.00,80,Bocinas,0%
CH-J2111,Bocina Bluetooth 2 en 1 con Imán,ch-j2111.jpg,$497.00,$364.00,$322.00,$304.00,30,Bocinas,0%
CH-J2119,Bocina Bluetooth TWS con Agarradera para Bicicleta,ch-j2119.jpg,$120.00,$88.00,$78.00,$74.00,100,Bocinas,0%
CH-J2124,"Bocina Bluetooth TWS, Resistente a Salpicaduras y Luz LED",ch-j2124.jpg,$217.00,$159.00,$140.00,$133.00,40,Bocinas,0%
CH-J2125,Bocina Bluetooth TWS con Luz LED,ch-j2125.jpg,$210.00,$154.00,$136.00,$128.00,30,Bocinas,0%
CH-J2129,"Bocina Bluetooth TWS, Resistente a Salpicaduras y Luz LED",ch-j2129.jpg,$300.00,$220.00,$195.00,$184.00,30,Bocinas,0%
CH-J2130,Bocina,ch-j2130.jpg,$366.00,$268.00,$237.00,$224.00,30,Bocinas,0%
CH-J2131,"Bocina Bluetooth TWS, Resistente a Salpicaduras y Luz RGB",ch-j2131.jpg,$319.00,$234.00,$206.00,$195.00,30,Bocinas,0%
CH-J2132,Bocina Bluetooth Portátil con TWS y Luz RGB,ch-j2132.jpg,$142.00,$104.00,$92.00,$87.00,50,Bocinas,0%
CH-J2133,Bocina Bluetooth Portátil con Radio FM,ch-j2133.jpg,$106.00,$78.00,$69.00,$65.00,80,Bocinas,0%
CH-J2134,Bocina Bluetooth TWS con Power Bank,ch-j2134.jpg,$264.00,$194.00,$171.00,$162.00,60,Bocinas,0%
CH-J2135,Bocina Bluetooth TWS con Power Bank,ch-j2135.jpg,$266.00,$195.00,$172.00,$163.00,60,Bocinas,0%
CH-J2136,Despertador Inteligente con Bocina Bluetooth y Luz RGB ,ch-j2136.jpg,$470.00,$344.00,$304.00,$287.00,30,Bocinas,0%
CH-J2137,Reloj Despertador con Bocina Bluetooth TWS,ch-j2137.jpg,$491.00,$360.00,$318.00,$300.00,24,Bocinas,0%
CH-J2139,Reloj Despertador con Bocina Bluetooth TWS,ch-2139.jpg,$300.00,$220.00,$195.00,$184.00,20,Bocinas,0%
CH-M240,Bocina Bluetooth con Diseño de Automóvil Tipo Porsche,ch-m240.jpg,$264.00,$194.00,$171.00,$162.00,40,Bocinas,0%
CH-M241,Bocina Bluetooth con Diseño de Automóvil Tipo Toyota,ch-m241.jpg,$259.00,$190.00,$168.00,$158.00,40,Bocinas,0%
G106,Bocina Bluetooth con Función TWS,g106.jpg,$180.00,$132.00,$117.00,$110.00,45,Bocinas,0%
GTS-2140,Bocina TWS con Diseño de Puerquito,gts-2140.jpg,$100.00,$74.00,$65.00,$62.00,100,Bocinas,0%
CH-J2147,"Bocina Bluetooth TWS, Resistente a Salpicaduras y Luz LED",ch-j2147.jpg,$217.00,$159.00,$140.00,$133.00,30,Bocinas,0%
WKS-204,Megáfono Bluetooth con Antena,wks-204.jpg,$128.00,$94.00,$83.00,$78.00,80,Bocinas,0%
WKS-561,Bocina Bluetooth Estilo Megáfono,wks-561.jpg,$128.00,$94.00,$83.00,$78.00,80,Bocinas,0%
WKS-562,Bocina Megáfono Bluetooth de Doble Batería con Diadema ,wks-562.jpg,$144.00,$106.00,$93.00,$88.00,80,Bocinas,0%
KTS-1446,Bocina Bluetooth Con Panel Solar Radio Fm,kts-1446.jpg,$297.00,$237.00,$209.00,$198.00,20,Bocinas,0%
GTS-2150,Bocinas De Diseño,gts-2150.jpg,$58.00,$47.00,$41.00,$39.00,100,Bocinas,0%
MB-152,Mini Bocina Bluetooth RGB Portátil ,mb-152.jpg,$63.00,$50.00,$44.00,$42.00,100,Bocinas,0%
CH-J2103,Bocina De Diseno,ch-j2103.jpg,$63.00,$51.00,$45.00,$42.00,100,Bocinas,0%
VA377T,Mini Bocina Bluetooth 3 Pulgadas RGB,va377t.jpg,$64.00,$51.00,$45.00,$43.00,100,Bocinas,0%
SA313T,Bocina Bluetooth de Diseño,sa313t.jpg,$65.00,$52.00,$46.00,$43.00,100,Bocinas,0%
CH-J2102,Bocdina De Diseno,ch-j2102.jpg,$67.00,$53.00,$47.00,$44.00,150,Bocinas,0%
CH-J2101,Bocina De Diseno,ch-j2101.jpg,$67.00,$53.00,$47.00,$44.00,150,Bocinas,0%
CH-J2108,Bocina De Diseno,ch-j2108.jpg,$72.00,$57.00,$51.00,$48.00,100,Bocinas,0%
GTS-1468,Bocina De Diseño,gts-1468.jpg,$72.00,$57.00,$51.00,$48.00,100,Bocinas,0%
CH-J2104,Bocina De Diseno,ch-j2104.jpg,$75.00,$60.00,$53.00,$50.00,100,Bocinas,0%
GTS-1732,Bocina De Diseño,gts-1732.jpg,$75.00,$60.00,$53.00,$50.00,100,Bocinas,0%
G81,Bocina De Diseno,g81.jpg,$80.00,$64.00,$56.00,$53.00,100,Bocinas,0%
CH-K3014,Bocina De Diseno,ch-k3014.jpg,$80.00,$64.00,$56.00,$53.00,120,Bocinas,0%
G107,Bocina De Diseno,g107.jpg,$92.00,$73.00,$65.00,$61.00,100,Bocinas,0%
GTS-1498,Bocina De Diseno,gts-1498.jpg,$92.00,$73.00,$65.00,$61.00,100,Bocinas,0%
GTS-2201,Bocina De Diseno,gts-2201.jpg,$92.00,$73.00,$65.00,$61.00,100,Bocinas,0%
CH-J2077,Bocinas De Diseño,ch-j2077.jpg,$92.00,$73.00,$65.00,$61.00,50,Bocinas,0%
GTS-1742,Bocina De Diseño,gts-1742.jpg,$97.00,$78.00,$70.00,$66.00,80,Bocinas,0%
SA324T,Mini Bocina Bluetooth de 3 Pulgadas 5W + Micrófono ,sa324t.jpg,$95.00,$76.00,$67.00,$63.00,100,Bocinas,0%
CH-K3016,Bocina De Diseno,ch-k3016.jpg,$106.00,$77.00,$68.00,$64.00,60,Bocinas,0%
CH-M231,Bocina De Diseno,ch-m231.jpg,$97.00,$77.00,$68.00,$64.00,80,Bocinas,0%
CH-M232,Bocina De Diseno,ch-m232.jpg,$97.00,$77.00,$68.00,$64.00,80,Bocinas,0%
CH-J2110,Bocina De Diseno,ch-j2110.jpg,$100.00,$80.00,$71.00,$67.00,100,Bocinas,0%
GTS-1679,Bocina De Diseno,gts-1679.jpg,$100.00,$80.00,$71.00,$67.00,100,Bocinas,0%
GTS-2072,Bocinas De Diseño,gts-2072.jpg,$100.00,$80.00,$71.00,$67.00,60,Bocinas,0%
CH-J2086,Bocinas De Diseno,ch-j2086.jpg,$100.00,$80.00,$71.00,$67.00,80,Bocinas,0%
GTS-1552,Bocina De Diseño,gts-1552.jpg,$103.00,$83.00,$73.00,$69.00,60,Bocinas,0%
GTS-2092,Bocina De Diseño,gts-2092.jpg,$108.00,$87.00,$76.00,$72.00,60,Bocinas,0%
CH-K3020,Bocina De Diseno,ch-k3020.jpg,$110.00,$88.00,$78.00,$73.00,80,Bocinas,0%
CH-J2090,Bocina De Diseno,ch-j2090.jpg,$113.00,$91.00,$80.00,$76.00,50,Bocinas,0%
WG-191,Bocina Portatil RGB con Agarradera Bluetooth,wg-191.jpg,$115.00,$92.00,$81.00,$77.00,100,Bocinas,0%
GTS-2149,Bocina De Diseno,gts-2149.jpg,$150.00,$120.00,$106.00,$100.00,50,Bocinas,0%
CH-K3019,Bocina De Diseno,ch-k3019.jpg,$158.00,$127.00,$112.00,$106.00,50,Bocinas,0%
CH-M298,Bocina De Diseño,ch-m298.jpg,$158.00,$127.00,$112.00,$106.00,60,Bocinas,0%
CH-K3022,Bocina De Diseno,ch-k3022.jpg,$165.00,$132.00,$116.00,$110.00,48,Bocinas,0%
CH-J2099,Bocina De Diseno,ch-j2099.jpg,$165.00,$132.00,$116.00,$110.00,60,Bocinas,0%
KTF-1480,Radio,ktf-1480.jpg,$168.00,$135.00,$119.00,$112.00,50,Bocinas,0%
KTF-1481,Radio,ktf-1481.jpg,$175.00,$140.00,$124.00,$117.00,50,Bocinas,0%
KF-AM17,Bocina*Am*Fm,kf-am17.jpg,$177.00,$141.00,$125.00,$118.00,50,Bocinas,0%
KF-AM18,Bocina*Am*Fm,kf-am18.jpg,$177.00,$141.00,$125.00,$118.00,50,Bocinas,0%
RD-237,Radio Bocina Portatil 5W Con Luz,rd-237.jpg,$178.00,$143.00,$126.00,$119.00,30,Bocinas,0%
CH-J2053,Bocina De Diseno,ch-j2053.jpg,$180.00,$144.00,$127.00,$120.00,50,Bocinas,0%
MB-161,Bocina Bluetooth 2 Pulgadas 8w,mb-161.jpg,$182.00,$145.00,$128.00,$121.00,30,Bocinas,0%
GTS-1979,"Bocina De 6.5""",gts-1979.jpg,$192.00,$153.00,$135.00,$128.00,24,Bocinas,0%
BTS-1952,Bocinas De Diseño,bts-1952.jpg,$192.00,$153.00,$135.00,$128.00,36,Bocinas,0%
BTS-1822,Bocinas De Diseño,bts-1822.jpg,$192.00,$153.00,$135.00,$128.00,48,Bocinas,0%
KTF-1488,Radio,ktf-1488.jpg,$192.00,$153.00,$135.00,$128.00,60,Bocinas,0%
KTF-1650,Bocina*Am*Fm,ktf-1650.jpg,$197.00,$157.00,$139.00,$131.00,40,Bocinas,0%
KTF-1651,Bocina*Am*Fm,ktf-1651.jpg,$197.00,$157.00,$139.00,$131.00,40,Bocinas,0%
CH-K3021,Bocina De Diseno,ch-k3021.jpg,$200.00,$160.00,$141.00,$133.00,40,Bocinas,0%
KF-AM55,Radio Am,kf-am55.jpg,$200.00,$160.00,$141.00,$133.00,40,Bocinas,0%
KTF-2015,Bocina*Am*Fm,ktf-2015.jpg,$200.00,$160.00,$141.00,$133.00,40,Bocinas,0%
CH-J2067,Bocina De Diseno,ch-j2067.jpg,$208.00,$167.00,$147.00,$139.00,30,Bocinas,0%
KTF-1641,Bocina*Am*Fm,ktf-1641.jpg,$208.00,$167.00,$147.00,$139.00,40,Bocinas,0%
CH-M246,Bocinas De Diseño,ch-m246.jpg,$213.00,$171.00,$151.00,$142.00,30,Bocinas,0%
KTF-2011,Bocina*Am*Fm,ktf-2011.jpg,$217.00,$173.00,$153.00,$144.00,30,Bocinas,0%
KTF-2013,Bocina*Am*Fm,ktf-2013.jpg,$217.00,$173.00,$153.00,$144.00,40,Bocinas,0%
CH-K3013,Bocina De Diseno,ch-k3013.jpg,$225.00,$180.00,$159.00,$150.00,40,Bocinas,0%
CH-J2059,Bocina De Diseno,ch-j2059.jpg,$232.00,$185.00,$164.00,$154.00,40,Bocinas,0%
BTS-1953,Bocinas De Diseño,bts-1953.jpg,$233.00,$187.00,$165.00,$156.00,30,Bocinas,0%
CH-K3015,Bocina De Diseno,ch-k3015.jpg,$247.00,$197.00,$174.00,$164.00,30,Bocinas,0%
KTF-1466,Radio,ktf-1466.jpg,$247.00,$197.00,$174.00,$164.00,30,Bocinas,0%
CH-J2028,Bocinas De Diseño,ch-j2028.jpg,$250.00,$200.00,$176.00,$167.00,40,Bocinas,0%
KTF-2017,Bocina*Am*Fm,ktf-2017.jpg,$258.00,$207.00,$182.00,$172.00,40,Bocinas,0%
CH-J2048,Bocinas De Diseno,ch-j2048.jpg,$263.00,$211.00,$186.00,$176.00,24,Bocinas,0%
CH-K3023,Bocina De Diseno,ch-k3023.jpg,$263.00,$211.00,$186.00,$176.00,30,Bocinas,0%
KTF-2016,Bocina*Am*Fm,ktf-2016.jpg,$263.00,$211.00,$186.00,$176.00,30,Bocinas,0%
GTS-1948S,"Bocina De 6.5""",gts-1948s.jpg,$275.00,$220.00,$194.00,$183.00,12,Bocinas,0%
CH-J2041,Bocina De Diseno,ch-j2041.jpg,$280.00,$224.00,$198.00,$187.00,24,Bocinas,0%
CH-J2044,Bocinas De Diseño,ch-j2044.jpg,$280.00,$224.00,$198.00,$187.00,30,Bocinas,0%
CH-J2069,Bocina De Diseno,ch-j2069.jpg,$280.00,$224.00,$198.00,$187.00,30,Bocinas,0%
BTS-2409,Bocina De Diseno,bts-2409.jpg,$280.00,$224.00,$198.00,$187.00,36,Bocinas,0%
CH-M239,Bocina De Diseno,ch-m239.jpg,$298.00,$239.00,$211.00,$199.00,40,Bocinas,0%
CH-J2050,Bocina De Diseno,ch-j2050.jpg,$300.00,$240.00,$212.00,$200.00,20,Bocinas,0%
CH-J2071,Bocina De Diseno,ch-j2071.jpg,$317.00,$253.00,$224.00,$211.00,24,Bocinas,0%
CH-J2084,Bocina De Diseno,ch-j2084.jpg,$317.00,$253.00,$224.00,$211.00,40,Bocinas,0%
CH-J2045,Bocinas De Diseño,ch-j2045.jpg,$325.00,$260.00,$229.00,$217.00,30,Bocinas,0%
CH-J2046,Bocina De Diseno,ch-j2046.jpg,$358.00,$287.00,$253.00,$239.00,30,Bocinas,0%
CH-J2052,Bocina De Diseno,ch-j2052.jpg,$383.00,$307.00,$271.00,$256.00,40,Bocinas,0%
CH-J2068,Bocina De Diseno,ch-j2068.jpg,$433.00,$347.00,$306.00,$289.00,20,Bocinas,0%
CH-J2085,Bocina De Diseno,ch-j2085.jpg,$490.00,$326.00,$290.00,$275.00,30,Bocinas,0%
CH-J2092,Bocinas De Diseno,ch-j2092.jpg,$497.00,$397.00,$351.00,$331.00,20,Bocinas,0%
FM-5502,Bocina Bluetooth Luz RGB Boombox 3 Mini,fm-5502.jpg,$282.00,$234.00,$216.00,$200.00,40,Bocinas,0%
KTF-2063,(KTF-2063) Bocina Bluetooth Radio FM/AM con Panel Solar y Linterna,ktf-2063.jpg,$267.00,$213.00,$192.00,$180.00,30,Bocinas,0%
XM-113,Bocina Bluetooth Cilindrica Recargable ,xm-113.jpg,$83.00,$73.00,$67.00,$62.00,50.00,Bocinas,0%
XM-7121,Mini Bocina Diseño Hongo,xm-7121.jpg,$52.00,$40.00,$34.00,$32.00,100.00,Bocinas,0%
KTS-1612,Bocina Bluetooth Retro ,kts-1612.jpg,$115.00,$100.00,$92.00,$87.00,50.00,Bocinas,0%
SPE-597,Bocina Megáfono Bluetooth ,spe-597.jpg,$95.00,$82.00,$75.00,$70.00,60.00,Bocinas,0%
KTS-1936,Espejo LED + Bocina Bluetooth y Cargador Inalámbrico ,kts-1936.jpg,$303.00,$243.00,$220.00,$210.00,20.00,Bocinas,0%
G100,Bocina De Diseno,g100.jpg,$464.00,$340.00,$300.00,$284.00,20.00,Bocinas,0%
CH-J2142,Bocina con Diseño de Balón ,ch-j2142.jpg,$132.00,$115.00,$106.00,$99.00,80,Bocinas,0%
KTF-2156,Bocina Bluetooth con Panel Solar y Linterna Radio FM/AM,ktf-2156.jpg,$183.00,$147.00,$129.00,$122.00,60,Bocinas,0%
KTF-2019,Bocina Radio FM/AM Bluetooth con Linterna,ktf-2019.jpg,$208.00,$167.00,$147.00,$139.00,40,Bocinas,0%
KTF-2093,Bocina Radio FM/AM Bluetooth con Doble Panel Solar,ktf-2093.jpg,$230.00,$184.00,$162.00,$153.00,165,Bocinas,0%
KTF-2207,Bocina bluetooth con Reloj y Carga Solar Radio FM/AM,ktf-2207.jpg,$230.00,$184.00,$162.00,$153.00,40,Bocinas,0%
MB-174,Soporte Bocina Bluetooth,mb-174.jpg,$117.00,$102.00,$93.00,$97.00,60,Bocinas,0%
KTS-2408,Bocina Bluetooth Portátil WaterProof,kts-2408.jpg,$193.00,$155.00,$139.00,$129.00,80,Bocinas,0%
CH-J2114,Bocina De Diseno,ch-j2114.jpg,$60.00,$48.00,$42.00,$40.00,100,Bocinas,0%
CH-J2115,Bocina De Diseno,ch-j2115.jpg,$60.00,$48.00,$42.00,$40.00,100,Bocinas,0%
CH-J2116,Bocina De Diseno,ch-j2116.jpg,$60.00,$48.00,$42.00,$40.00,100,Bocinas,0%
CH-J2118,Bocina De Diseño Bluetooth Portátil,ch-j2118.jpg,$60.00,$48.00,$42.00,$40.00,100,Bocinas,0%
XM-7189,Mini Bocina,xm-7189.jpg,$71.00,$62.00,$48.00,$45.00,100,Bocinas,0%
MCM-008,Bocina Bluetooth 2 Pulgadas,mcm-008.jpg,$80.00,$64.00,$56.00,$53.00,50,Bocinas,0%
MCM-001,Bocina Bluetooth Portatil 5W,mcm-001.jpg,$87.00,$69.00,$61.00,$58.00,50,Bocinas,0%
WG-131,Bocina Bluetooth de 5W,wg-131.jpg,$98.00,$79.00,$69.00,$66.00,80,Bocinas,0%
FM-5135,Bocina Bluetooth F04,fm-5135.jpg,$105.00,$84.00,$74.00,$70.00,100,Bocinas,0%
WG-184,Bocina Portatil Bluetooth Cubo,wg-184.jpg,$115.00,$92.00,$81.00,$77.00,100,Bocinas,0%
KTS-1943,Bocina Bluetooth Portatil con Micrófono,kts-1943.jpg,$125.00,$100.00,$88.00,$83.00,80,Bocinas,0%
WG-185,Bocina Bluetooth Portatil Extra bass,wg-185.jpg,$142.00,$113.00,$100.00,$94.00,100,Bocinas,0%
MCA3001,Bocina Bluetooth de LLanta,mca3001.jpg,$143.00,$115.00,$101.00,$96.00,30,Bocinas,0%
CH-J2127,Bocina De Diseno,ch-j2127.jpg,$145.00,$116.00,$102.00,$97.00,80,Bocinas,0%
WG-132,Mini Bocina Portatil Bluetooth Impermeable,wg-132.jpg,$160.00,$128.00,$113.00,$107.00,50,Bocinas,0%
KTS-1827,Mini Bocina Cilindrica Bluetooth RGB,kts-1827.jpg,$165.00,$132.00,$116.00,$110.00,60,Bocinas,0%
CH-M305,Bocina De Diseno,ch-m305.jpg,$175.00,$140.00,$124.00,$117.00,50,Bocinas,0%
RD-248,Bocina Bluetooth-Radio FM 5w con Panel Solar,rd-248.jpg,$183.00,$147.00,$129.00,$122.00,40,Bocinas,0%
CH-J2042,Bocina De Diseno,ch-j2042.jpg,$192.00,$153.00,$135.00,$128.00,40,Bocinas,0%
KTS-2292,Bocina Portátil Bluetooth ABS 12W,kts-2292.jpg,$197.00,$157.00,$139.00,$131.00,30,Bocinas,0%
WG-147,Bocina Bluetooth de Disco Portatil,wg-147.jpg,$208.00,$167.00,$147.00,$139.00,60,Bocinas,0%
WG-182,Bocina Bluetooth RGB Extra bass Portatil,wg-182.jpg,$215.00,$172.00,$152.00,$143.00,100,Bocinas,0%
RD-259,Bocina Bluetooth Vintage 5W 1200mAh,rd-259.jpg,$225.00,$180.00,$159.00,$150.00,40,Bocinas,0%
WG-190,Bocina Bluetooth Portatil RGB Extra bass,wg-190.jpg,$225.00,$180.00,$159.00,$150.00,100,Bocinas,0%
WG-601,Bocina Bluetooth Portatil RGB Extra Bass,wg-601.jpg,$225.00,$180.00,$159.00,$150.00,100,Bocinas,0%
WG-134,Bocina Bluetooth Portatil RGB,wg-134.jpg,$232.00,$185.00,$164.00,$154.00,40,Bocinas,0%
WG-602,Bocina Bluetotoh Portatil Extra Bass,wg-602.jpg,$242.00,$193.00,$171.00,$161.00,100,Bocinas,0%
CH-M306,Bocina De Diseno,ch-m306.jpg,$253.00,$203.00,$179.00,$169.00,30,Bocinas,0%
RD-261,Bocina mini Portatil 3W 5V Vintage Bluetooth Carga Solar,rd-261.jpg,$273.00,$219.00,$193.00,$182.00,30,Bocinas,0%
RD-256,"Bocina Bluetooth Diseño Vintage 1.5W 3""",rd-256.jpg,$275.00,$220.00,$194.00,$183.00,40,Bocinas,0%
RD-250,"Bocina Bluetooth 3"" Diseño Vintage",rd-250.jpg,$348.00,$279.00,$246.00,$232.00,30,Bocinas,0%
XM-7316,(XM-7316) Bocina Bluetooth Luz Rgb + Micrófono,xm-7316.jpg,$375.00,$300.00,$265.00,$250.00,20,Bocinas,0%
MB-176,Bocina Bluetooth con Luz Led,mb-176.jpg,$425.00,$340.00,$300.00,$283.00,20,Bocinas,0%
SA8071T,"Bafle Bluetooth 8"" con Luz Led+ Micrófono ",sa8071t.jpg,$278.00,$223.00,$196.00,$186.00,12,"Bafles / 8""",0%
GTS-1987,Bocina Bluetooth de 8″ con Micrófono,gts-1987.jpg,$342.00,$273.00,$241.00,$228.00,12,"Bafles / 8""",0%
GTS-2066,"Bocina Bluetooth de 6.5"" con Micrófono Inalámbrico",gts-2066.jpg,$264.00,$194.00,$171.00,$162.00,20.00,"Bafles / 6""",0%
GTS-2065,"Bocina De 6.5""",gts-2065.jpg,$222.00,$177.00,$156.00,$148.00,20,"Bafles / 6""",0%
SA8065T,Bocina 8 Pulgadas 10W Con Luz Rgb + Microfono,sa8065t.jpg,$312.00,$250.00,$220.00,$208.00,8,"Bafles / 10""",0%
ATA-50105,Audífonos Alámbricos Tipo C ,ata-50105.jpg,$25.00,$21.50,$19.50,$18.00,200,Audífonos,20%
XR-3159,(XR-3159) Audifono Alambrico Jack 3.5mm,xr-3159.jpg,$12.00,$8.50,$7.00,$5.50,1000,Audífonos,0%
XR-9130,AudÍfonos manos libres alámbricos,xr-9130.jpg,$14.00,$11.00,$10.50,$10.00,500,Audífonos,0%
ST-218,Audífonos de Manos libres Alámbricos,st-218.jpg,$9.00,$7.50,$6.50,$6.00,600,Audífonos,0%
XR-3116,Audifonos Alambicos,xr-3116.jpg,$8.00,$7.00,$6.00,$5.50,500,Audífonos,0%
XR-3159,(XR-3159) Audifono Alambrico Jack 3.5mm,xr-3159.jpg,$12.00,$8.50,$7.00,$5.50,1000,Audífonos,0%
XR-3150,Audifonos alambricos con microfono,xr-3150.jpg,$14.00,$11.00,$10.00,$9.00,500,Audífonos,0%
XR-3156,Audifonos alambricos con microfono,xr-3156.jpg,$15.00,$11.00,$10.00,$9.00,500,Audífonos,0%
XR-3101,Audifonos Alambricos,xr-3101.jpg,$15.00,$12.00,$11.00,$10.00,500,Audífonos,0%
XR-3109,(XR-3109) Audifonos Alambricos Jack 3.5mm,xr-3109.jpg,$15.00,$12.00,$11.00,$10.00,1000,Audífonos,0%
ATA-50331,Auriculares de Cable Tipo C,ata-50331.jpg,$30.00,$24.00,$21.00,$20.00,300,Audífonos,0%
ATA-50330,Auriculares Alámbricos Tipo C,ata-50330.jpg,$30.00,$24.00,$21.00,$20.00,300,Audífonos,0%
TR-6001,Audifono Bluetooth i12 con Estuche de Carga,tr-6001.jpg,$53.00,$42.00,$37.00,$35.00,100,Audífonos,0%
I12SY,Audífonos Bluetooth i12S Amarillo,i12sy.jpg,$62.00,$50.00,$44.00,$42.00,100,Audífonos,0%
XR-3158,Audifonos Alambricos Jack 3.5mm,xr-3158.jpg,$7.00,$5.00,$4.50,$4.00,500,Audífonos,0%
TR-6005,Audifono Bluetooth 6S Pro,tr-6005.jpg,$82.00,$60.00,$53.00,$50.00,100,Audífonos,0%
TR-6010,Audífonos Bluetooth con Estuche de Carga,tr-6010.jpg,$58.00,$42.00,$38.00,$35.00,100,Audífonos,0%
TR-6009,Audífonos Bluetooth con Estuche de Carga ,tr-6009.jpg,$58.00,$42.00,$37.00,$35.00,100,Audífonos,0%
TR-6006,Audifonos Bluetooth i11 con Estuche de Carga,tr-6006.jpg,$53.00,$42.00,$37.00,$33.00,100,Audífonos,0%
ST-A020,Audífonos Bluetooth Inalámbricos,st-a020.jpg,$82.00,$60.00,$53.00,$50.00,100,Audífonos,0%
WE-062,Audífonos Bluetooth Extra Bass,we-062.jpg,$108.00,$87.00,$76.00,$72.00,100,Audífonos,0%
I12SG,Audífonos Bluetooth I12S Verde,i12sg.jpg,$64.00,$51.00,$45.00,$43.00,100,Audífonos,0%
TR-6063,Auriculares Bluetooth TWS-U33,tr-6063.jpg,$113.00,$90.00,$79.00,$75.00,100,Audífonos,0%
TR-6066,Audífonos Bluetooth con Estuche de Carga,tr-6066.jpg,$115.00,$85.00,$75.00,$70.00,100,Audífonos,0%
TR-6043,Audífonos Bluetooth con Estuche de Carga,tr-6043.jpg,$158.00,$126.00,$111.00,$105.00,100,Audífonos,0%
FR-6605,Audifonos Bluetooth + Funda,fr-6605.jpg,$180.00,$144.00,$127.00,$120.00,100,Audífonos,0%
LSD-6131,Kit De Desarmadores Para Celular,lsd-6131.jpg,$68.00,$54.00,$48.00,$45.00,120,Accesorios para Celular,0%
TY-8101,Adaptador Otg V8 a Usb,ty-8101.jpg,$3.50,$3.00,$2.50,$2.00,1000,Accesorios para Celular,0%
XZ-6401,Pop Socket,xz-6401.jpg,$4.50,$4.00,$3.50,$3.00,280,Accesorios para Celular,0%
XZ-6402,Pop Socket,xz-6402.jpg,$6.00,$5.00,$4.50,$4.00,500,Accesorios para Celular,0%
JSL-7004,Impermeable Correa,jsl-7004.jpg,$7.00,$5.50,$5.00,$4.50,800,Accesorios para Celular,0%
JSL-7001,Funda Para Celular Contra Agua,jsl-7001.jpg,$10.00,$8.00,$7.00,$6.50,500,Accesorios para Celular,0%
JSL-7006,Funda Flotante Para Celular Contra El Agua ,jsl-7006.jpg,$20.00,$16.00,$14.00,$13.50,500,Accesorios para Celular,0%
MR-836,Microfono,mr-836.jpg,$63.00,$51.00,$45.00,$42.00,100,Accesorios para Celular,0%
MR-837,Microfono,mr-837.jpg,$75.00,$60.00,$53.00,$50.00,100,Accesorios para Celular,0%
MR-890,Microfono,mr-890.jpg,$175.00,$140.00,$124.00,$117.00,100,Accesorios para Celular,0%
MR-891,Microfono,mr-891.jpg,$242.00,$193.00,$171.00,$161.00,100,Accesorios para Celular,0%
MR-892,Microfono,mr-892.jpg,$242.00,$193.00,$171.00,$161.00,100,Accesorios para Celular,0%
PJ098N,Soporte Para Celular,pj098n.jpg,$25.00,$20.00,$18.00,$17.00,300,1HORA,0%
CAB272B,(CAB272B) Cable Tipo C a C 1 Metro 3A,cab272b.jpg,$23.00,$18.00,$16.00,$15.50,300,1HORA,20%
CAB259,Cable 3 En 1 C/V8/IP,cab259.jpg,$35.00,$32.00,$28.00,$26.50,300,1HORA,0%
CAB252B-300,Cable Tipo C a C 1 Metro 3A Blanco,cab252b-300.jpg,$17.00,$15.00,$13.00,$12.50,300.00,1HORA,0%
CAB186N,Cable V8/Micro 1 Metro 2.1A Negro,cab186n.jpg,$13.00,$11.00,$10.00,$9.50,300,1HORA,0%
CAB242N,Cable V8 1 Metro 2.1A Negro,cab242n.jpg,$10.00,$8.00,$7.00,$6.50,400,1HORA,0%
GAR064N,Combo Cargador V8,gar064n.jpg,$37.00,$29.00,$26.00,$25.00,200,1HORA,0%
GAR136A-800,Paquete de 4 Pilas Alcalinas AA,gar136a-800.jpg,$18.00,$15.00,$13.00,$12.00,200,1HORA,0%
GAR241,Turbo Cargador Para Auto C A C,gar241.jpg,$95.00,$76.00,$67.00,$63.00,200,1HORA,0%